mean_fit_time,std_fit_time,mean_score_time,std_score_time,param_subsample,param_reg_lambda,param_n_estimators,param_min_child_weight,param_max_depth,param_learning_rate,param_gamma,param_colsample_bytree,params,split0_test_score,split1_test_score,split2_test_score,split3_test_score,mean_test_score,std_test_score,rank_test_score
0.012717127799987793,0.004952628282778219,0.0021309852600097656,0.000895054195661951,0.8,1.0,40,2,3,0.1,0.0,1.0,"{'subsample': 0.8, 'reg_lambda': 1, 'n_estimators': 40, 'min_child_weight': 2, 'max_depth': 3, 'learning_rate': 0.1, 'gamma': 0, 'colsample_bytree': 1.0}",-0.07967322905858361,-0.09161503148078919,-0.05083718768755594,-0.09323104492823286,-0.07883912328879039,0.01699378833910437,1
0.02065718173980713,0.0007810516689644955,0.0015610456466674805,6.437047759100793e-05,0.9,2.0,100,1,6,0.1,0.0,0.8,"{'subsample': 0.9, 'reg_lambda': 2, 'n_estimators': 100, 'min_child_weight': 1, 'max_depth': 6, 'learning_rate': 0.1, 'gamma': 0, 'colsample_bytree': 0.8}",-0.08112726449966434,-0.0781790915330251,-0.05433620882034301,-0.11028524128595989,-0.08098195153474809,0.019852931364742945,2
0.08977073431015015,0.003899465762454729,0.0017492175102233887,9.74351095465139e-05,0.9,2.0,500,1,4,0.03,0.0,0.9,"{'subsample': 0.9, 'reg_lambda': 2, 'n_estimators': 500, 'min_child_weight': 1, 'max_depth': 4, 'learning_rate': 0.03, 'gamma': 0, 'colsample_bytree': 0.9}",-0.08640791813532515,-0.08563266229629517,-0.04989427200953165,-0.10390895493825276,-0.08146095184485118,0.01963570575683943,3
0.009518325328826904,0.0006330060504074418,0.0015009641647338867,5.3501601948068466e-05,0.6,1.0,40,1,2,0.1,0.0,0.9,"{'subsample': 0.6, 'reg_lambda': 1, 'n_estimators': 40, 'min_child_weight': 1, 'max_depth': 2, 'learning_rate': 0.1, 'gamma': 0, 'colsample_bytree': 0.9}",-0.0711123374303182,-0.09978351028760274,-0.06522355349858601,-0.09246389341354373,-0.08214582365751266,0.014367076936602056,4
0.015832126140594482,0.0010471610851130453,0.001550912857055664,8.162085165788463e-05,0.8,1.0,80,1,4,0.3,0.0,1.0,"{'subsample': 0.8, 'reg_lambda': 1, 'n_estimators': 80, 'min_child_weight': 1, 'max_depth': 4, 'learning_rate': 0.3, 'gamma': 0, 'colsample_bytree': 1.0}",-0.0939258960088094,-0.079310258547465,-0.06611244328816733,-0.0922175833384196,-0.08289154529571534,0.011214898129122951,5
0.01902872323989868,0.0008509886433287904,0.0034177303314208984,5.338872910415041e-05,0.8,1.5,40,1,4,0.3,0.0,0.9,"{'subsample': 0.8, 'reg_lambda': 1.5, 'n_estimators': 40, 'min_child_weight': 1, 'max_depth': 4, 'learning_rate': 0.3, 'gamma': 0, 'colsample_bytree': 0.9}",-0.07182758887608849,-0.07994233600298563,-0.07016865285237629,-0.11022780227661133,-0.08304159500201544,0.01612577010022034,6
0.013693928718566895,0.0002792202471346036,0.0014861226081848145,8.280908714702778e-05,0.9,2.0,80,1,2,0.03,0.0,0.8,"{'subsample': 0.9, 'reg_lambda': 2, 'n_estimators': 80, 'min_child_weight': 1, 'max_depth': 2, 'learning_rate': 0.03, 'gamma': 0, 'colsample_bytree': 0.8}",-0.07834087085723877,-0.10089349794387815,-0.07228610785802204,-0.09163546832402551,-0.08578898624579112,0.011181790709953789,7
0.0849810242652893,0.02037268017462727,0.004557788372039795,0.0026461201671778064,1.0,1.0,300,2,6,0.03,0.0,0.9,"{'subsample': 1.0, 'reg_lambda': 1, 'n_estimators': 300, 'min_child_weight': 2, 'max_depth': 6, 'learning_rate': 0.03, 'gamma': 0, 'colsample_bytree': 0.9}",-0.10364670395851139,-0.07522334702809651,-0.06118110688527425,-0.10668648552894595,-0.08668441085020703,0.019167530331318933,8
0.025910675525665283,0.003186132483748622,0.0029227733612060547,0.0011022473958204391,0.9,2.0,80,1,8,0.3,0.0,0.6,"{'subsample': 0.9, 'reg_lambda': 2, 'n_estimators': 80, 'min_child_weight': 1, 'max_depth': 8, 'learning_rate': 0.3, 'gamma': 0, 'colsample_bytree': 0.6}",-0.10709844326972966,-0.05727820460001629,-0.07573912421862285,-0.10732339096069339,-0.08685979076226555,0.0213723036465916,9
0.005832076072692871,0.00028395675291633803,0.0014304518699645996,3.328368409010477e-05,1.0,1.5,20,1,2,0.1,0.0,0.8,"{'subsample': 1.0, 'reg_lambda': 1.5, 'n_estimators': 20, 'min_child_weight': 1, 'max_depth': 2, 'learning_rate': 0.1, 'gamma': 0, 'colsample_bytree': 0.8}",-0.08488973816235863,-0.09129282879829405,-0.08167880646387736,-0.09085689258575443,-0.08717956650257111,0.004060274888058891,10
0.09665507078170776,0.01996731934433871,0.0019358396530151367,0.00035249997442598645,0.8,1.5,500,2,2,0.1,0.0,0.8,"{'subsample': 0.8, 'reg_lambda': 1.5, 'n_estimators': 500, 'min_child_weight': 2, 'max_depth': 2, 'learning_rate': 0.1, 'gamma': 0, 'colsample_bytree': 0.8}",-0.10545225779215499,-0.08208891781171163,-0.06247152757644653,-0.10129646730422977,-0.08782729262113573,0.017087289357723325,11
0.05904340744018555,0.010485592077738972,0.00576096773147583,0.0020835066399316933,1.0,2.0,100,1,3,0.01,0.0,1.0,"{'subsample': 1.0, 'reg_lambda': 2, 'n_estimators': 100, 'min_child_weight': 1, 'max_depth': 3, 'learning_rate': 0.01, 'gamma': 0, 'colsample_bytree': 1.0}",-0.06445600859324137,-0.135487735748291,-0.06196162970860799,-0.09117154550552371,-0.08826922988891601,0.029568437848717807,12
0.011834442615509033,0.0008552894663120652,0.0015310049057006836,9.692213765891148e-05,1.0,1.5,60,1,2,0.01,0.0,1.0,"{'subsample': 1.0, 'reg_lambda': 1.5, 'n_estimators': 60, 'min_child_weight': 1, 'max_depth': 2, 'learning_rate': 0.01, 'gamma': 0, 'colsample_bytree': 1.0}",-0.058930613994598424,-0.1287976706822713,-0.06843320401509602,-0.09759424400329593,-0.08843893317381542,0.027311250015403122,13
0.011792182922363281,0.001620109796097944,0.0029877424240112305,0.002510038266557182,0.9,1.0,40,1,8,0.03,0.0,0.8,"{'subsample': 0.9, 'reg_lambda': 1, 'n_estimators': 40, 'min_child_weight': 1, 'max_depth': 8, 'learning_rate': 0.03, 'gamma': 0, 'colsample_bytree': 0.8}",-0.07001022338867191,-0.11374277917544046,-0.07504916063944499,-0.09585529836018884,-0.08866436539093656,0.017421159326956166,14
0.027952611446380615,0.004287724238585998,0.0026503801345825195,0.001038013305807974,0.9,1.0,80,2,6,0.1,0.0,0.6,"{'subsample': 0.9, 'reg_lambda': 1, 'n_estimators': 80, 'min_child_weight': 2, 'max_depth': 6, 'learning_rate': 0.1, 'gamma': 0, 'colsample_bytree': 0.6}",-0.08995834827423099,-0.08277035800615945,-0.06713388236363728,-0.11498902511596683,-0.08871290343999863,0.017269580915678675,15
0.09351801872253418,0.008361177533646097,0.0028174519538879395,0.0017320703764168652,1.0,1.5,500,1,3,0.01,0.0,0.8,"{'subsample': 1.0, 'reg_lambda': 1.5, 'n_estimators': 500, 'min_child_weight': 1, 'max_depth': 3, 'learning_rate': 0.01, 'gamma': 0, 'colsample_bytree': 0.8}",-0.10120442350705468,-0.09106593362490335,-0.05750733486811319,-0.10906906811396282,-0.08971169002850851,0.019657984867270727,16
0.008156895637512207,0.0003865170538455961,0.0014989376068115234,4.926560969397193e-05,0.6,2.0,40,1,2,0.03,0.0,1.0,"{'subsample': 0.6, 'reg_lambda': 2, 'n_estimators': 40, 'min_child_weight': 1, 'max_depth': 2, 'learning_rate': 0.03, 'gamma': 0, 'colsample_bytree': 1.0}",-0.07081234725316365,-0.13183371273676553,-0.06663199138641357,-0.09421422354380293,-0.09087306873003642,0.02587952883017636,17
0.07157886028289795,0.004603419791584155,0.0016309618949890137,0.00015962042632049363,1.0,2.0,500,2,6,0.1,0.0,0.9,"{'subsample': 1.0, 'reg_lambda': 2, 'n_estimators': 500, 'min_child_weight': 2, 'max_depth': 6, 'learning_rate': 0.1, 'gamma': 0, 'colsample_bytree': 0.9}",-0.1051194254557292,-0.08354755274454752,-0.06835265827178955,-0.10715194813410445,-0.09104289615154268,0.01603649978063378,18
0.021364927291870117,0.00475081964652242,0.0022004246711730957,0.0007982891953229661,0.6,1.0,80,1,4,0.01,0.0,0.8,"{'subsample': 0.6, 'reg_lambda': 1, 'n_estimators': 80, 'min_child_weight': 1, 'max_depth': 4, 'learning_rate': 0.01, 'gamma': 0, 'colsample_bytree': 0.8}",-0.06548357280095418,-0.13452873675028482,-0.07424020640055339,-0.09566821924845381,-0.09248018380006155,0.02664469063528243,19
0.11831343173980713,0.015319944671957682,0.0032891035079956055,0.0009681479757717,0.9,1.5,500,1,2,0.3,0.0,1.0,"{'subsample': 0.9, 'reg_lambda': 1.5, 'n_estimators': 500, 'min_child_weight': 1, 'max_depth': 2, 'learning_rate': 0.3, 'gamma': 0, 'colsample_bytree': 1.0}",-0.11177902690569559,-0.09364728991190595,-0.06852805074055991,-0.09678700455029805,-0.09268534302711487,0.015539405584940675,20
0.09387338161468506,0.0233593981571321,0.002805948257446289,0.001120171362842293,1.0,1.0,300,1,4,0.03,0.0,1.0,"{'subsample': 1.0, 'reg_lambda': 1, 'n_estimators': 300, 'min_child_weight': 1, 'max_depth': 4, 'learning_rate': 0.03, 'gamma': 0, 'colsample_bytree': 1.0}",-0.09625650286674503,-0.10909869305292764,-0.07831421939531963,-0.08943485109011333,-0.09327606660127641,0.011156279807563658,21
0.051947593688964844,0.0013092181703192557,0.007301688194274902,0.00264000685129004,1.0,2.0,80,2,8,0.03,0.0,0.6,"{'subsample': 1.0, 'reg_lambda': 2, 'n_estimators': 80, 'min_child_weight': 2, 'max_depth': 8, 'learning_rate': 0.03, 'gamma': 0, 'colsample_bytree': 0.6}",-0.08137043158213302,-0.11693761793772378,-0.07350514205296833,-0.10433356237411502,-0.09403668848673503,0.01741017406939882,22
0.004407823085784912,0.00010959248821274213,0.0014976263046264648,0.00011575872676016951,0.6,1.0,10,2,4,0.3,0.4,0.9,"{'subsample': 0.6, 'reg_lambda': 1, 'n_estimators': 10, 'min_child_weight': 2, 'max_depth': 4, 'learning_rate': 0.3, 'gamma': 0.4, 'colsample_bytree': 0.9}",-0.064046107451121,-0.15236238686243692,-0.07927252721786499,-0.08161361185709637,-0.09432365834712982,0.03418079111863512,23
0.004198253154754639,9.018076387371871e-05,0.0013939142227172852,6.695880845775324e-05,0.6,2.0,10,1,8,0.3,0.6,0.9,"{'subsample': 0.6, 'reg_lambda': 2, 'n_estimators': 10, 'min_child_weight': 1, 'max_depth': 8, 'learning_rate': 0.3, 'gamma': 0.6, 'colsample_bytree': 0.9}",-0.06344565025965372,-0.15220228878657022,-0.08010287952423095,-0.08263481823603314,-0.094596409201622,0.03406592581434432,24
0.04036295413970947,0.0011591240529718646,0.0014754533767700195,5.8345975693194e-05,0.9,1.0,300,1,6,0.3,0.0,0.6,"{'subsample': 0.9, 'reg_lambda': 1, 'n_estimators': 300, 'min_child_weight': 1, 'max_depth': 6, 'learning_rate': 0.3, 'gamma': 0, 'colsample_bytree': 0.6}",-0.10642908310890202,-0.06428220733006797,-0.08713948607444764,-0.12252388668060306,-0.09509366579850517,0.021757318603612224,25
0.010136425495147705,0.001119174134009867,0.002811908721923828,0.0008991110605872618,0.6,1.5,10,1,6,0.1,0.0,0.6,"{'subsample': 0.6, 'reg_lambda': 1.5, 'n_estimators': 10, 'min_child_weight': 1, 'max_depth': 6, 'learning_rate': 0.1, 'gamma': 0, 'colsample_bytree': 0.6}",-0.07003621101379398,-0.15113280264536538,-0.07373003037770588,-0.08845896689097088,-0.09583950273195903,0.032659072077641085,26
0.017750144004821777,0.007673181488341536,0.0028018951416015625,0.0009412063144386365,1.0,1.5,40,2,6,0.3,0.0,0.6,"{'subsample': 1.0, 'reg_lambda': 1.5, 'n_estimators': 40, 'min_child_weight': 2, 'max_depth': 6, 'learning_rate': 0.3, 'gamma': 0, 'colsample_bytree': 0.6}",-0.09778280353546147,-0.07659041929244993,-0.08709406725565592,-0.12339173030853275,-0.09621475509802502,0.017387842448264062,27
0.013015151023864746,0.003606784864178301,0.001679539680480957,6.402337967420637e-05,0.6,2.0,60,4,2,0.3,0.0,0.9,"{'subsample': 0.6, 'reg_lambda': 2, 'n_estimators': 60, 'min_child_weight': 4, 'max_depth': 2, 'learning_rate': 0.3, 'gamma': 0, 'colsample_bytree': 0.9}",-0.06553558778762818,-0.14503109502792358,-0.07807373873392741,-0.09742780796686812,-0.09651705737908682,0.030226018495326405,28
0.009932518005371094,0.00197722931800917,0.0028658509254455566,0.0008782557724003225,0.6,2.0,10,1,3,0.1,0.1,0.9,"{'subsample': 0.6, 'reg_lambda': 2, 'n_estimators': 10, 'min_child_weight': 1, 'max_depth': 3, 'learning_rate': 0.1, 'gamma': 0.1, 'colsample_bytree': 0.9}",-0.06107743851343791,-0.15186454900105792,-0.08444557460149128,-0.08963235489527388,-0.09675497925281525,0.03358647351112882,29
0.10096120834350586,0.02097305684359021,0.002862691879272461,0.0013296972766087768,0.6,1.5,500,1,3,0.3,0.6,0.6,"{'subsample': 0.6, 'reg_lambda': 1.5, 'n_estimators': 500, 'min_child_weight': 1, 'max_depth': 3, 'learning_rate': 0.3, 'gamma': 0.6, 'colsample_bytree': 0.6}",-0.05550221443176273,-0.14745612986882525,-0.08666964244842529,-0.0983256923357646,-0.09698841977119446,0.0330770330414959,30
0.12502121925354004,0.03212588927600077,0.005850493907928467,0.0014450781118023946,0.6,1.0,500,2,3,0.3,0.6,0.9,"{'subsample': 0.6, 'reg_lambda': 1, 'n_estimators': 500, 'min_child_weight': 2, 'max_depth': 3, 'learning_rate': 0.3, 'gamma': 0.6, 'colsample_bytree': 0.9}",-0.055603164831797315,-0.14756894159317016,-0.0866608805656433,-0.0984254705111186,-0.09706461437543235,0.0330901362666532,31
0.005197882652282715,0.00016578206641014483,0.001455843448638916,5.771265707182508e-05,0.8,2.0,20,1,6,0.3,0.1,0.6,"{'subsample': 0.8, 'reg_lambda': 2, 'n_estimators': 20, 'min_child_weight': 1, 'max_depth': 6, 'learning_rate': 0.3, 'gamma': 0.1, 'colsample_bytree': 0.6}",-0.06256344191233316,-0.15169227170944213,-0.08361065260569255,-0.09115280977884932,-0.0972547940015793,0.03312976643012859,32
0.008015275001525879,0.0005116511729744156,0.001591801643371582,3.8638708102303015e-05,0.6,1.5,40,1,4,0.1,0.4,0.8,"{'subsample': 0.6, 'reg_lambda': 1.5, 'n_estimators': 40, 'min_child_weight': 1, 'max_depth': 4, 'learning_rate': 0.1, 'gamma': 0.4, 'colsample_bytree': 0.8}",-0.05693560679753625,-0.14733769543965655,-0.0868851728439331,-0.09801848999659224,-0.09729424126942954,0.03256547221916553,33
0.10972487926483154,0.028526471244546898,0.003045320510864258,0.0010153864513857923,0.6,2.0,500,2,6,0.1,0.1,0.6,"{'subsample': 0.6, 'reg_lambda': 2, 'n_estimators': 500, 'min_child_weight': 2, 'max_depth': 6, 'learning_rate': 0.1, 'gamma': 0.1, 'colsample_bytree': 0.6}",-0.05582968235015873,-0.14752763557434082,-0.08701920382181803,-0.09894289843241377,-0.09732985504468283,0.032981028415550125,34
0.020241379737854004,0.0037144141177928034,0.00260317325592041,0.0010263818411929688,0.9,1.0,100,4,6,0.3,0.6,0.8,"{'subsample': 0.9, 'reg_lambda': 1, 'n_estimators': 100, 'min_child_weight': 4, 'max_depth': 6, 'learning_rate': 0.3, 'gamma': 0.6, 'colsample_bytree': 0.8}",-0.05970756053924564,-0.15137992350260415,-0.08391149711608886,-0.09449877611796065,-0.09737443931897483,0.033633711995998024,35
0.03257560729980469,0.00793044304843875,0.003528118133544922,0.0010013244969565406,0.9,1.5,100,2,8,0.3,0.1,0.6,"{'subsample': 0.9, 'reg_lambda': 1.5, 'n_estimators': 100, 'min_child_weight': 2, 'max_depth': 8, 'learning_rate': 0.3, 'gamma': 0.1, 'colsample_bytree': 0.6}",-0.05979521910349531,-0.15145146894454956,-0.08397968482971191,-0.09468545786539717,-0.09747795768578849,0.03362711008251019,36
0.03872328996658325,0.0012251813635900295,0.0016829967498779297,9.745401344442455e-05,0.6,1.0,300,4,6,0.03,0.0,0.6,"{'subsample': 0.6, 'reg_lambda': 1, 'n_estimators': 300, 'min_child_weight': 4, 'max_depth': 6, 'learning_rate': 0.03, 'gamma': 0, 'colsample_bytree': 0.6}",-0.05965041955312097,-0.14580792236328124,-0.07718364270528157,-0.10744039487838748,-0.09752059487501781,0.03270248549625471,37
0.037235140800476074,0.002624031526594428,0.0034633874893188477,0.0011647000219773677,1.0,2.0,80,2,3,0.01,0.0,0.8,"{'subsample': 1.0, 'reg_lambda': 2, 'n_estimators': 80, 'min_child_weight': 2, 'max_depth': 3, 'learning_rate': 0.01, 'gamma': 0, 'colsample_bytree': 0.8}",-0.06904369862874349,-0.14129368511835733,-0.08174906047185261,-0.09807690254847212,-0.09754083669185638,0.02727666670437294,38
0.13213372230529785,0.006338566707507221,0.003867805004119873,0.0014972627767880179,0.9,1.0,500,4,4,0.01,0.0,0.6,"{'subsample': 0.9, 'reg_lambda': 1, 'n_estimators': 500, 'min_child_weight': 4, 'max_depth': 4, 'learning_rate': 0.01, 'gamma': 0, 'colsample_bytree': 0.6}",-0.07187251091003422,-0.14719208129247027,-0.05583429209391275,-0.1155837006568909,-0.09762064623832703,0.03601758030093748,39
0.06475180387496948,0.009772974241088021,0.0054146647453308105,0.0019584210423741802,0.6,2.0,100,4,8,0.3,0.6,0.9,"{'subsample': 0.6, 'reg_lambda': 2, 'n_estimators': 100, 'min_child_weight': 4, 'max_depth': 8, 'learning_rate': 0.3, 'gamma': 0.6, 'colsample_bytree': 0.9}",-0.06742938629786173,-0.15399195798238116,-0.08049509795506794,-0.08877559773127242,-0.09767300999164581,0.033394405533643735,40
0.07186424732208252,0.0003249708423084095,0.0031905174255371094,0.0009293153284585311,0.6,2.0,300,1,4,0.3,0.4,1.0,"{'subsample': 0.6, 'reg_lambda': 2, 'n_estimators': 300, 'min_child_weight': 1, 'max_depth': 4, 'learning_rate': 0.3, 'gamma': 0.4, 'colsample_bytree': 1.0}",-0.06857826582590738,-0.15390060393015542,-0.08166297149658203,-0.08703602520624798,-0.0977944666147232,0.033081166202526574,41
0.014570355415344238,0.0036131041859016636,0.0020208358764648438,0.000802203730403292,0.9,2.0,60,4,4,0.3,0.0,0.9,"{'subsample': 0.9, 'reg_lambda': 2, 'n_estimators': 60, 'min_child_weight': 4, 'max_depth': 4, 'learning_rate': 0.3, 'gamma': 0, 'colsample_bytree': 0.9}",-0.07726911544799808,-0.14833297379811602,-0.041049638112386065,-0.12527291250228886,-0.09798115996519727,0.04168432523554362,42
0.008006155490875244,0.000936017880689727,0.0014714598655700684,6.573316861378003e-05,0.6,1.5,40,2,6,0.03,0.1,0.9,"{'subsample': 0.6, 'reg_lambda': 1.5, 'n_estimators': 40, 'min_child_weight': 2, 'max_depth': 6, 'learning_rate': 0.03, 'gamma': 0.1, 'colsample_bytree': 0.9}",-0.05926493644714359,-0.15018093633651733,-0.08574769767125447,-0.0968557821909587,-0.09801233816146852,0.03307069247546873,43
0.015234947204589844,0.007146104339490276,0.003187894821166992,0.0009273003678443197,0.8,1.0,10,1,3,0.3,0.6,0.9,"{'subsample': 0.8, 'reg_lambda': 1, 'n_estimators': 10, 'min_child_weight': 1, 'max_depth': 3, 'learning_rate': 0.3, 'gamma': 0.6, 'colsample_bytree': 0.9}",-0.06524225346247355,-0.1527956132888794,-0.08411500724156697,-0.09028115145365401,-0.09810850636164348,0.03289360023690907,44
0.22121769189834595,0.05018369171824455,0.006434202194213867,0.0010702370346480738,0.6,2.0,500,4,4,0.01,0.0,0.6,"{'subsample': 0.6, 'reg_lambda': 2, 'n_estimators': 500, 'min_child_weight': 4, 'max_depth': 4, 'learning_rate': 0.01, 'gamma': 0, 'colsample_bytree': 0.6}",-0.06030189832051599,-0.14804709005355834,-0.08150817823410034,-0.10274154218037927,-0.09814967719713849,0.03248165208013148,45
0.11236506700515747,0.012812163462259022,0.003747701644897461,0.0017996443258429444,0.8,1.5,500,4,4,0.01,0.0,0.8,"{'subsample': 0.8, 'reg_lambda': 1.5, 'n_estimators': 500, 'min_child_weight': 4, 'max_depth': 4, 'learning_rate': 0.01, 'gamma': 0, 'colsample_bytree': 0.8}",-0.07133024772008263,-0.14649937597910562,-0.06372205289204914,-0.11106078100204471,-0.09815311439832052,0.03319989849110144,46
0.01003044843673706,0.0004904064833151474,0.0016876459121704102,0.0002867448317015356,0.9,1.5,60,4,2,0.3,0.6,0.6,"{'subsample': 0.9, 'reg_lambda': 1.5, 'n_estimators': 60, 'min_child_weight': 4, 'max_depth': 2, 'learning_rate': 0.3, 'gamma': 0.6, 'colsample_bytree': 0.6}",-0.06098725668589274,-0.15213263082504272,-0.08354367685317993,-0.0960899221102397,-0.09818837161858877,0.033588601595927726,47
0.03224945068359375,0.0020518293013383026,0.0034766793251037598,7.161420556020794e-05,0.6,1.5,100,2,4,0.01,0.0,0.8,"{'subsample': 0.6, 'reg_lambda': 1.5, 'n_estimators': 100, 'min_child_weight': 2, 'max_depth': 4, 'learning_rate': 0.01, 'gamma': 0, 'colsample_bytree': 0.8}",-0.07202365271250406,-0.14442122030258178,-0.07682299486796061,-0.09989023478825891,-0.09828952566782635,0.02864176821640589,48
0.022594690322875977,0.005855950442909343,0.0022159218788146973,0.0010539206976370472,0.8,1.0,80,4,3,0.3,0.0,1.0,"{'subsample': 0.8, 'reg_lambda': 1, 'n_estimators': 80, 'min_child_weight': 4, 'max_depth': 3, 'learning_rate': 0.3, 'gamma': 0, 'colsample_bytree': 1.0}",-0.07613875309626265,-0.14711773443222045,-0.044715383370717364,-0.12523834180831914,-0.09830255317687989,0.0402221252298949,49
0.013486027717590332,0.0009732494261728576,0.0034262537956237793,0.0015045219104224,0.8,1.5,40,1,6,0.1,0.4,0.9,"{'subsample': 0.8, 'reg_lambda': 1.5, 'n_estimators': 40, 'min_child_weight': 1, 'max_depth': 6, 'learning_rate': 0.1, 'gamma': 0.4, 'colsample_bytree': 0.9}",-0.06220658890406291,-0.15221250104904174,-0.08436512819925944,-0.09454741350809737,-0.09833290791511537,0.0332323273322153,50
0.013977348804473877,0.003763011761562691,0.0028108954429626465,0.0017814858420313654,0.8,1.5,40,1,3,0.1,0.6,0.9,"{'subsample': 0.8, 'reg_lambda': 1.5, 'n_estimators': 40, 'min_child_weight': 1, 'max_depth': 3, 'learning_rate': 0.1, 'gamma': 0.6, 'colsample_bytree': 0.9}",-0.06220658890406291,-0.15221250104904174,-0.08436512819925944,-0.09454741350809737,-0.09833290791511537,0.0332323273322153,50
0.012011289596557617,0.0031403501918387954,0.0026795268058776855,0.0009434244169206327,0.8,1.5,40,4,3,0.1,0.6,1.0,"{'subsample': 0.8, 'reg_lambda': 1.5, 'n_estimators': 40, 'min_child_weight': 4, 'max_depth': 3, 'learning_rate': 0.1, 'gamma': 0.6, 'colsample_bytree': 1.0}",-0.06050493160883589,-0.1515998249053955,-0.08508644374211628,-0.09632512203852339,-0.09837908057371776,0.0333459582507124,52
0.013814091682434082,0.00452458301310673,0.0025097131729125977,0.0017431391112961577,0.6,1.5,40,4,8,0.03,0.0,1.0,"{'subsample': 0.6, 'reg_lambda': 1.5, 'n_estimators': 40, 'min_child_weight': 4, 'max_depth': 8, 'learning_rate': 0.03, 'gamma': 0, 'colsample_bytree': 1.0}",-0.0616963092486064,-0.14993208694458007,-0.08385256799062092,-0.09808973741531375,-0.09839267539978028,0.032459362000729415,53
0.010319948196411133,0.0002131194059428792,0.0015341639518737793,5.713430888136504e-05,0.6,2.0,60,4,6,0.1,0.1,0.9,"{'subsample': 0.6, 'reg_lambda': 2, 'n_estimators': 60, 'min_child_weight': 4, 'max_depth': 6, 'learning_rate': 0.1, 'gamma': 0.1, 'colsample_bytree': 0.9}",-0.061176263014475506,-0.1515686119397481,-0.0846799996693929,-0.09616991154352827,-0.0983986965417862,0.03318779740946423,54
0.01863151788711548,0.002382998954146716,0.0019968748092651367,0.0008704265031260932,0.8,1.0,100,4,8,0.03,0.0,0.9,"{'subsample': 0.8, 'reg_lambda': 1, 'n_estimators': 100, 'min_child_weight': 4, 'max_depth': 8, 'learning_rate': 0.03, 'gamma': 0, 'colsample_bytree': 0.9}",-0.0700921201705933,-0.1484035456975301,-0.06984937063852946,-0.10533454291025801,-0.09841989485422771,0.03226807780861174,55
0.01308220624923706,0.005662926844743856,0.0015639662742614746,0.00011431137529019276,0.6,1.5,60,1,8,0.03,0.1,0.6,"{'subsample': 0.6, 'reg_lambda': 1.5, 'n_estimators': 60, 'min_child_weight': 1, 'max_depth': 8, 'learning_rate': 0.03, 'gamma': 0.1, 'colsample_bytree': 0.6}",-0.06040660381317142,-0.1512583498954773,-0.0852687743504842,-0.09679891935984297,-0.09843316185474398,0.03321329347912659,56
0.03272038698196411,0.004821025313964304,0.004982709884643555,0.0014426698272549084,0.8,2.0,80,1,3,0.3,0.4,1.0,"{'subsample': 0.8, 'reg_lambda': 2, 'n_estimators': 80, 'min_child_weight': 1, 'max_depth': 3, 'learning_rate': 0.3, 'gamma': 0.4, 'colsample_bytree': 1.0}",-0.06378396622339884,-0.15294641304016113,-0.08287860822677612,-0.09485878817240401,-0.09861694391568503,0.033267275568891454,57
0.018125712871551514,0.0026949438957236103,0.005385279655456543,0.002547025097495461,0.8,1.5,20,1,6,0.1,0.6,0.9,"{'subsample': 0.8, 'reg_lambda': 1.5, 'n_estimators': 20, 'min_child_weight': 1, 'max_depth': 6, 'learning_rate': 0.1, 'gamma': 0.6, 'colsample_bytree': 0.9}",-0.061353825251261394,-0.15185846932729083,-0.08510694773991902,-0.09622093311945601,-0.09863504385948181,0.03320940979122702,58
0.016494333744049072,0.001034725829902518,0.005015254020690918,0.0009699471224826172,0.8,2.0,20,2,6,0.1,0.6,0.9,"{'subsample': 0.8, 'reg_lambda': 2, 'n_estimators': 20, 'min_child_weight': 2, 'max_depth': 6, 'learning_rate': 0.1, 'gamma': 0.6, 'colsample_bytree': 0.9}",-0.06133051983515422,-0.15187815872828164,-0.08517569176355998,-0.096448622862498,-0.09870824829737346,0.03321283619955163,59
0.009737968444824219,0.003627215297217126,0.0035582780838012695,0.0025830134207151145,0.6,2.0,20,1,2,0.03,0.6,0.9,"{'subsample': 0.6, 'reg_lambda': 2, 'n_estimators': 20, 'min_child_weight': 1, 'max_depth': 2, 'learning_rate': 0.03, 'gamma': 0.6, 'colsample_bytree': 0.9}",-0.05985045274098718,-0.15124118375778198,-0.08600360027949015,-0.09797152153650923,-0.09876668957869214,0.03328503706485239,60
0.021577775478363037,0.0009084802753886325,0.0033501386642456055,0.001148703318254853,0.6,1.5,60,4,2,0.03,0.1,1.0,"{'subsample': 0.6, 'reg_lambda': 1.5, 'n_estimators': 60, 'min_child_weight': 4, 'max_depth': 2, 'learning_rate': 0.03, 'gamma': 0.1, 'colsample_bytree': 1.0}",-0.061843656222025555,-0.15175865141550698,-0.08468454949061076,-0.09689053169886275,-0.09879434720675151,0.03306539728191992,61
0.037202298641204834,0.0012721373003396418,0.0015663504600524902,7.631394284399693e-05,0.6,1.5,300,2,4,0.1,0.4,0.9,"{'subsample': 0.6, 'reg_lambda': 1.5, 'n_estimators': 300, 'min_child_weight': 2, 'max_depth': 4, 'learning_rate': 0.1, 'gamma': 0.4, 'colsample_bytree': 0.9}",-0.056194621721903516,-0.14762351957956948,-0.08911516141891479,-0.10229190460840865,-0.0988063018321991,0.03280603473310911,62
0.037801921367645264,0.0012196079032841662,0.0016113519668579102,0.0001261768809194145,0.6,1.5,300,2,8,0.1,0.1,0.9,"{'subsample': 0.6, 'reg_lambda': 1.5, 'n_estimators': 300, 'min_child_weight': 2, 'max_depth': 8, 'learning_rate': 0.1, 'gamma': 0.1, 'colsample_bytree': 0.9}",-0.056194621721903516,-0.14762351957956948,-0.08911516141891479,-0.10229190460840865,-0.0988063018321991,0.03280603473310911,62
0.007744014263153076,0.00041572230642578697,0.0015144944190979004,3.4353947670233365e-05,0.8,1.5,40,4,8,0.3,0.6,1.0,"{'subsample': 0.8, 'reg_lambda': 1.5, 'n_estimators': 40, 'min_child_weight': 4, 'max_depth': 8, 'learning_rate': 0.3, 'gamma': 0.6, 'colsample_bytree': 1.0}",-0.06306006781260172,-0.15220375903447467,-0.08413241179784138,-0.09602030388514204,-0.09885413563251495,0.032985441346389054,64
0.018693149089813232,0.005087915312149217,0.002557098865509033,0.0010600477111468495,0.6,1.0,80,4,4,0.1,0.0,0.8,"{'subsample': 0.6, 'reg_lambda': 1, 'n_estimators': 80, 'min_child_weight': 4, 'max_depth': 4, 'learning_rate': 0.1, 'gamma': 0, 'colsample_bytree': 0.8}",-0.05969389120737715,-0.14522814798355102,-0.08129187297821044,-0.10939292383193973,-0.09890170900026958,0.032029532615698665,65
0.013787508010864258,0.0005426420216384702,0.0015562772750854492,0.00011741606706179861,0.6,2.0,80,2,6,0.01,0.0,0.6,"{'subsample': 0.6, 'reg_lambda': 2, 'n_estimators': 80, 'min_child_weight': 2, 'max_depth': 6, 'learning_rate': 0.01, 'gamma': 0, 'colsample_bytree': 0.6}",-0.06744631401697794,-0.14811674801508584,-0.08107366037368774,-0.09982937844594324,-0.09911652521292369,0.030537179155891686,66
0.01428830623626709,0.0005162352055820151,0.0015486478805541992,4.07006771847396e-05,0.9,1.0,100,1,6,0.1,0.1,0.8,"{'subsample': 0.9, 'reg_lambda': 1, 'n_estimators': 100, 'min_child_weight': 1, 'max_depth': 6, 'learning_rate': 0.1, 'gamma': 0.1, 'colsample_bytree': 0.8}",-0.061601184527079265,-0.15238827514648437,-0.0850959407488505,-0.09746291510264082,-0.09913707888126375,0.03333387786118166,67
0.023171067237854004,0.005578722138397666,0.002492189407348633,0.0009330775110489579,0.9,1.5,100,4,4,0.1,0.1,0.6,"{'subsample': 0.9, 'reg_lambda': 1.5, 'n_estimators': 100, 'min_child_weight': 4, 'max_depth': 4, 'learning_rate': 0.1, 'gamma': 0.1, 'colsample_bytree': 0.6}",-0.06165935866038005,-0.1524067327181498,-0.0851415581703186,-0.09758444897333785,-0.09919802463054658,0.033318560649135805,68
0.03353458642959595,0.009141077538790458,0.004590809345245361,0.0039965443137387514,0.9,2.0,100,2,2,0.1,0.1,0.9,"{'subsample': 0.9, 'reg_lambda': 2, 'n_estimators': 100, 'min_child_weight': 2, 'max_depth': 2, 'learning_rate': 0.1, 'gamma': 0.1, 'colsample_bytree': 0.9}",-0.06170447937647502,-0.15242157427469888,-0.08518363904953002,-0.09769674412409468,-0.09925160920619966,0.033305996207845676,69
0.008099853992462158,0.0002841061942657097,0.0015184879302978516,6.996925248140036e-05,0.8,1.5,40,1,8,0.03,0.6,0.8,"{'subsample': 0.8, 'reg_lambda': 1.5, 'n_estimators': 40, 'min_child_weight': 1, 'max_depth': 8, 'learning_rate': 0.03, 'gamma': 0.6, 'colsample_bytree': 0.8}",-0.06218095890680949,-0.15239153353373208,-0.08528669548034667,-0.09732689730326338,-0.09929652130603792,0.03315418500750894,70
0.008343696594238281,0.00013050221570217596,0.00162583589553833,2.1149068524341783e-05,0.8,1.5,40,4,4,0.03,0.6,0.8,"{'subsample': 0.8, 'reg_lambda': 1.5, 'n_estimators': 40, 'min_child_weight': 4, 'max_depth': 4, 'learning_rate': 0.03, 'gamma': 0.6, 'colsample_bytree': 0.8}",-0.06218095890680949,-0.15239153353373208,-0.08528669548034667,-0.09732689730326338,-0.09929652130603792,0.03315418500750894,70
0.018764257431030273,0.004544135670072966,0.006003201007843018,0.0014279006575092157,0.8,1.5,40,2,2,0.03,0.6,0.9,"{'subsample': 0.8, 'reg_lambda': 1.5, 'n_estimators': 40, 'min_child_weight': 2, 'max_depth': 2, 'learning_rate': 0.03, 'gamma': 0.6, 'colsample_bytree': 0.9}",-0.06218095890680949,-0.15239153353373208,-0.08528669548034667,-0.09732689730326338,-0.09929652130603792,0.03315418500750894,70
0.01090782880783081,0.003676531514665171,0.00203782320022583,0.0009669209341972546,0.8,2.0,40,1,6,0.03,0.6,0.9,"{'subsample': 0.8, 'reg_lambda': 2, 'n_estimators': 40, 'min_child_weight': 1, 'max_depth': 6, 'learning_rate': 0.03, 'gamma': 0.6, 'colsample_bytree': 0.9}",-0.062138997236887615,-0.15239570585886636,-0.08534326028823852,-0.09750749937693282,-0.09934636569023134,0.033159045333694154,73
0.005579650402069092,6.931533287969223e-05,0.0015118718147277832,6.732029973994128e-05,0.9,1.0,20,2,6,0.1,0.6,0.9,"{'subsample': 0.9, 'reg_lambda': 1, 'n_estimators': 20, 'min_child_weight': 2, 'max_depth': 6, 'learning_rate': 0.1, 'gamma': 0.6, 'colsample_bytree': 0.9}",-0.06292267910639444,-0.1526355350812276,-0.08515401554107666,-0.09685131184260054,-0.09939088539282481,0.033068340928987444,74
0.015730321407318115,0.000198731888068522,0.002469301223754883,0.0010373990874942393,0.9,1.0,40,1,4,0.1,0.6,0.9,"{'subsample': 0.9, 'reg_lambda': 1, 'n_estimators': 40, 'min_child_weight': 1, 'max_depth': 4, 'learning_rate': 0.1, 'gamma': 0.6, 'colsample_bytree': 0.9}",-0.06279768816630045,-0.1526997292836507,-0.08452641836802165,-0.09762492052714034,-0.09941218908627829,0.03318495184825732,75
0.014355301856994629,0.0008051546235602178,0.0040288567543029785,0.0008992608896943601,0.6,2.0,40,2,8,0.01,0.1,0.8,"{'subsample': 0.6, 'reg_lambda': 2, 'n_estimators': 40, 'min_child_weight': 2, 'max_depth': 8, 'learning_rate': 0.01, 'gamma': 0.1, 'colsample_bytree': 0.8}",-0.060262658596038854,-0.15165128358205157,-0.08619824918111164,-0.09961094729105635,-0.09943078466256461,0.033302608984897904,76
0.008004307746887207,0.0002357127003535751,0.001511991024017334,9.987965460034668e-05,0.6,2.0,40,2,3,0.01,0.1,0.9,"{'subsample': 0.6, 'reg_lambda': 2, 'n_estimators': 40, 'min_child_weight': 2, 'max_depth': 3, 'learning_rate': 0.01, 'gamma': 0.1, 'colsample_bytree': 0.9}",-0.060262658596038854,-0.15165128358205157,-0.08619824918111164,-0.09961094729105635,-0.09943078466256461,0.033302608984897904,76
0.0214882493019104,0.010681048259130847,0.001994192600250244,0.00044224128416901504,0.6,1.5,100,2,6,0.03,0.4,1.0,"{'subsample': 0.6, 'reg_lambda': 1.5, 'n_estimators': 100, 'min_child_weight': 2, 'max_depth': 6, 'learning_rate': 0.03, 'gamma': 0.4, 'colsample_bytree': 1.0}",-0.06045585711797082,-0.15103475300470987,-0.0870912857055664,-0.09929188362757368,-0.0994684448639552,0.03291766767485081,78
0.012440323829650879,0.00030196842521871224,0.001612544059753418,5.61288429809245e-05,0.6,1.5,80,4,3,0.1,0.6,1.0,"{'subsample': 0.6, 'reg_lambda': 1.5, 'n_estimators': 80, 'min_child_weight': 4, 'max_depth': 3, 'learning_rate': 0.1, 'gamma': 0.6, 'colsample_bytree': 1.0}",-0.05733454068501794,-0.14809632349014282,-0.08828522634506225,-0.10419275633494063,-0.09947721171379091,0.032738813543440576,79
0.01042395830154419,0.0031152465041564786,0.0020567774772644043,0.0008425775727512818,0.9,2.0,40,4,8,0.1,0.4,0.9,"{'subsample': 0.9, 'reg_lambda': 2, 'n_estimators': 40, 'min_child_weight': 4, 'max_depth': 8, 'learning_rate': 0.1, 'gamma': 0.4, 'colsample_bytree': 0.9}",-0.06283070913950602,-0.15271866369247436,-0.0846206334431966,-0.09777625672022505,-0.09948656574885051,0.033170880209658554,80
0.008900284767150879,0.00025885744816891466,0.0015716552734375,6.912062596317747e-05,0.6,1.0,40,2,2,0.1,0.0,0.9,"{'subsample': 0.6, 'reg_lambda': 1, 'n_estimators': 40, 'min_child_weight': 2, 'max_depth': 2, 'learning_rate': 0.1, 'gamma': 0, 'colsample_bytree': 0.9}",-0.0879551199277242,-0.13399030812581378,-0.06951304149627685,-0.10667566728591922,-0.0995335342089335,0.02384097834415755,81
0.02229905128479004,0.0007822125713600036,0.0030532479286193848,0.0009425740706406082,0.6,1.0,80,4,6,0.03,0.1,0.9,"{'subsample': 0.6, 'reg_lambda': 1, 'n_estimators': 80, 'min_child_weight': 4, 'max_depth': 6, 'learning_rate': 0.03, 'gamma': 0.1, 'colsample_bytree': 0.9}",-0.06004339297612512,-0.15084530957539874,-0.08648031822840373,-0.10083826653162642,-0.0995518218278885,0.03303201848951238,82
0.011736810207366943,0.00037119128840372803,0.001531362533569336,0.00014114671862005046,0.6,2.0,80,1,3,0.01,0.6,0.9,"{'subsample': 0.6, 'reg_lambda': 2, 'n_estimators': 80, 'min_child_weight': 1, 'max_depth': 3, 'learning_rate': 0.01, 'gamma': 0.6, 'colsample_bytree': 0.9}",-0.06041516701380415,-0.1516400779088338,-0.08628900718688964,-0.10025569073359175,-0.09964998571077983,0.03324614004150414,83
0.023878514766693115,0.0027251301807462783,0.003506183624267578,0.0002313321304217842,0.6,2.0,80,2,6,0.01,0.1,0.6,"{'subsample': 0.6, 'reg_lambda': 2, 'n_estimators': 80, 'min_child_weight': 2, 'max_depth': 6, 'learning_rate': 0.01, 'gamma': 0.1, 'colsample_bytree': 0.6}",-0.06041516701380415,-0.1516400779088338,-0.08628900718688964,-0.10025569073359175,-0.09964998571077983,0.03324614004150414,83
0.010435223579406738,0.0010891479807693526,0.0033380985260009766,0.0002363696270471825,0.6,1.5,20,4,3,0.01,0.0,0.9,"{'subsample': 0.6, 'reg_lambda': 1.5, 'n_estimators': 20, 'min_child_weight': 4, 'max_depth': 3, 'learning_rate': 0.01, 'gamma': 0, 'colsample_bytree': 0.9}",-0.06023109229405721,-0.15179079818725585,-0.0862171835899353,-0.10048598321278894,-0.09968126432100934,0.03336783119690758,85
0.004475772380828857,0.0002316544391936663,0.0015023350715637207,8.70354158230908e-05,0.6,1.5,10,1,8,0.3,0.1,1.0,"{'subsample': 0.6, 'reg_lambda': 1.5, 'n_estimators': 10, 'min_child_weight': 1, 'max_depth': 8, 'learning_rate': 0.3, 'gamma': 0.1, 'colsample_bytree': 1.0}",-0.06327732674280802,-0.15178310918807983,-0.08499584468205769,-0.09893586508433028,-0.09974803642431895,0.032619197743387576,86
0.01830446720123291,0.005911842686847091,0.003383815288543701,0.0014936234337149502,0.9,1.0,60,4,3,0.03,0.6,0.9,"{'subsample': 0.9, 'reg_lambda': 1, 'n_estimators': 60, 'min_child_weight': 4, 'max_depth': 3, 'learning_rate': 0.03, 'gamma': 0.6, 'colsample_bytree': 0.9}",-0.06111081711451213,-0.1523641153971354,-0.08558871221542358,-0.09994807116190596,-0.09975292897224428,0.03339840139388605,87
0.0057364702224731445,0.00014153115057546466,0.0015614628791809082,7.656120914627242e-05,0.6,1.0,20,2,4,0.01,0.6,0.9,"{'subsample': 0.6, 'reg_lambda': 1, 'n_estimators': 20, 'min_child_weight': 2, 'max_depth': 4, 'learning_rate': 0.01, 'gamma': 0.6, 'colsample_bytree': 0.9}",-0.06041008075078332,-0.15197833426793414,-0.0863906529744466,-0.10023453108469649,-0.09975339976946514,0.03336965321974976,88
0.03229624032974243,0.004156294962929996,0.0043618083000183105,0.0030663504360744277,0.9,1.5,60,1,8,0.03,0.4,0.8,"{'subsample': 0.9, 'reg_lambda': 1.5, 'n_estimators': 60, 'min_child_weight': 1, 'max_depth': 8, 'learning_rate': 0.03, 'gamma': 0.4, 'colsample_bytree': 0.8}",-0.061134897391001385,-0.15237365214029946,-0.08561976623535156,-0.09997590653101607,-0.09977605557441713,0.033391940414264895,89
0.014189064502716064,0.0004681281978321142,0.0014742612838745117,2.05348165797552e-05,0.9,1.5,100,2,6,0.03,0.4,0.6,"{'subsample': 0.9, 'reg_lambda': 1.5, 'n_estimators': 100, 'min_child_weight': 2, 'max_depth': 6, 'learning_rate': 0.03, 'gamma': 0.4, 'colsample_bytree': 0.6}",-0.06151773802439372,-0.15242312399546304,-0.08580607048670451,-0.09939052931467696,-0.09978436545530955,0.033281832554413596,90
0.00962144136428833,0.00035133610390679224,0.0015189051628112793,8.105642195612762e-05,0.9,2.0,60,1,6,0.03,0.1,0.6,"{'subsample': 0.9, 'reg_lambda': 2, 'n_estimators': 60, 'min_child_weight': 1, 'max_depth': 6, 'learning_rate': 0.03, 'gamma': 0.1, 'colsample_bytree': 0.6}",-0.06115540138880412,-0.15238223520914712,-0.08564911158879597,-0.10000505320231123,-0.09979795034726462,0.03338632255223812,91
0.015246868133544922,0.004303185135475912,0.0035245418548583984,0.00115929514696025,0.6,1.5,20,4,8,0.01,0.4,0.8,"{'subsample': 0.6, 'reg_lambda': 1.5, 'n_estimators': 20, 'min_child_weight': 4, 'max_depth': 8, 'learning_rate': 0.01, 'gamma': 0.4, 'colsample_bytree': 0.8}",-0.06044171094894413,-0.1520193223953247,-0.08640660715103149,-0.10035469404856368,-0.099805583635966,0.03337522689525749,92
0.0045092105865478516,0.0001583322866875325,0.0016189813613891602,0.0001342948070293333,0.8,1.0,10,2,3,0.1,0.6,0.8,"{'subsample': 0.8, 'reg_lambda': 1, 'n_estimators': 10, 'min_child_weight': 2, 'max_depth': 3, 'learning_rate': 0.1, 'gamma': 0.6, 'colsample_bytree': 0.8}",-0.06379314533869425,-0.1528083488146464,-0.08574807516733805,-0.09691794983545943,-0.09981687978903453,0.032833444426378026,93
0.006555140018463135,0.001815775224328241,0.0024445056915283203,0.0009294156369040985,0.9,1.0,10,4,8,0.1,0.0,0.8,"{'subsample': 0.9, 'reg_lambda': 1, 'n_estimators': 10, 'min_child_weight': 4, 'max_depth': 8, 'learning_rate': 0.1, 'gamma': 0, 'colsample_bytree': 0.8}",-0.06749609947204593,-0.15044784593582153,-0.08204988511403401,-0.09980321200688684,-0.09994926063219708,0.03131981705364572,94
0.0063835978507995605,0.0003259630342891966,0.0015227198600769043,3.636620986090199e-05,0.6,1.0,20,2,8,0.01,0.0,0.8,"{'subsample': 0.6, 'reg_lambda': 1, 'n_estimators': 20, 'min_child_weight': 2, 'max_depth': 8, 'learning_rate': 0.01, 'gamma': 0, 'colsample_bytree': 0.8}",-0.06165727249781291,-0.15188352314631143,-0.08533326657613118,-0.10093546183904016,-0.09995238101482393,0.033083393924629854,95
0.015383601188659668,0.00215180372132842,0.005159974098205566,0.0011408217460959925,0.9,1.0,20,2,2,0.03,0.4,0.9,"{'subsample': 0.9, 'reg_lambda': 1, 'n_estimators': 20, 'min_child_weight': 2, 'max_depth': 2, 'learning_rate': 0.03, 'gamma': 0.4, 'colsample_bytree': 0.9}",-0.0618348347345988,-0.15253863779703775,-0.08606574805577595,-0.09939064852396651,-0.09995746727784476,0.033209244765728826,96
0.09047925472259521,0.03974038878271785,0.0027081966400146484,0.0008332785106848881,0.9,2.0,500,1,6,0.1,0.4,1.0,"{'subsample': 0.9, 'reg_lambda': 2, 'n_estimators': 500, 'min_child_weight': 1, 'max_depth': 6, 'learning_rate': 0.1, 'gamma': 0.4, 'colsample_bytree': 1.0}",-0.060103196303049757,-0.15180573908487954,-0.08670725297927856,-0.10124178997675581,-0.09996449458599091,0.03336848689455806,97
0.018300354480743408,0.012912593756100394,0.0023595094680786133,0.0013860172913529936,0.8,1.0,40,4,3,0.01,0.1,0.6,"{'subsample': 0.8, 'reg_lambda': 1, 'n_estimators': 40, 'min_child_weight': 4, 'max_depth': 3, 'learning_rate': 0.01, 'gamma': 0.1, 'colsample_bytree': 0.6}",-0.06164368263880412,-0.15246735064188638,-0.08604798587163288,-0.09985031954447432,-0.10000233467419943,0.03323669299721897,98
0.012324333190917969,0.0001785163787842039,0.0015695691108703613,6.422789759908201e-05,0.8,2.0,80,1,2,0.03,0.6,1.0,"{'subsample': 0.8, 'reg_lambda': 2, 'n_estimators': 80, 'min_child_weight': 1, 'max_depth': 2, 'learning_rate': 0.03, 'gamma': 0.6, 'colsample_bytree': 1.0}",-0.06240662209192912,-0.1524223888715108,-0.08565429719289143,-0.09961887470881148,-0.1000255457162857,0.033042815984408454,99
0.01283639669418335,0.002807552451609753,0.002920210361480713,0.0008104716603781925,0.8,1.5,40,1,6,0.01,0.1,0.9,"{'subsample': 0.8, 'reg_lambda': 1.5, 'n_estimators': 40, 'min_child_weight': 1, 'max_depth': 6, 'learning_rate': 0.01, 'gamma': 0.1, 'colsample_bytree': 0.9}",-0.06161227099100749,-0.15246929772694903,-0.08608237775166828,-0.09996726385752364,-0.10003280258178711,0.03324282598957202,100
0.004329502582550049,0.0001223097041530085,0.001435399055480957,8.355712370336082e-06,0.6,1.0,10,1,8,0.01,0.1,0.9,"{'subsample': 0.6, 'reg_lambda': 1, 'n_estimators': 10, 'min_child_weight': 1, 'max_depth': 8, 'learning_rate': 0.01, 'gamma': 0.1, 'colsample_bytree': 0.9}",-0.061040483633677166,-0.15239785162607827,-0.08643168083826701,-0.10041364304224654,-0.10007091478506724,0.03334527342945465,101
0.03628426790237427,0.013201494133646519,0.0022069215774536133,0.0009556280999146705,0.8,1.5,100,2,4,0.03,0.6,0.6,"{'subsample': 0.8, 'reg_lambda': 1.5, 'n_estimators': 100, 'min_child_weight': 2, 'max_depth': 4, 'learning_rate': 0.03, 'gamma': 0.6, 'colsample_bytree': 0.6}",-0.06256862751642862,-0.15264141607284545,-0.08545313151677449,-0.09971990458170576,-0.10009576992193858,0.033105435659261884,102
0.005996406078338623,0.00039567678221312047,0.001541435718536377,8.211199120395302e-05,1.0,1.0,20,4,2,0.01,0.0,0.8,"{'subsample': 1.0, 'reg_lambda': 1, 'n_estimators': 20, 'min_child_weight': 4, 'max_depth': 2, 'learning_rate': 0.01, 'gamma': 0, 'colsample_bytree': 0.8}",-0.06272345622380578,-0.15118217515945434,-0.08338286352157592,-0.10311454804738367,-0.10010076073805493,0.032767914159007316,103
0.02644515037536621,0.00699406662706427,0.0015677809715270996,8.905283012722811e-05,0.8,1.0,100,1,6,0.03,0.6,0.9,"{'subsample': 0.8, 'reg_lambda': 1, 'n_estimators': 100, 'min_child_weight': 1, 'max_depth': 6, 'learning_rate': 0.03, 'gamma': 0.6, 'colsample_bytree': 0.9}",-0.06268116108576456,-0.1526727681159973,-0.08540296427408854,-0.09965404144922896,-0.10010273373126985,0.033091793398562205,104
0.015082299709320068,0.0005489937213820928,0.0016115903854370117,0.00011371872688835116,0.9,2.0,100,2,3,0.01,0.6,0.8,"{'subsample': 0.9, 'reg_lambda': 2, 'n_estimators': 100, 'min_child_weight': 2, 'max_depth': 3, 'learning_rate': 0.01, 'gamma': 0.6, 'colsample_bytree': 0.8}",-0.06132515541712443,-0.152457098642985,-0.08616840712229411,-0.10048695675532027,-0.10010940448443095,0.03331288419140836,105
0.014190852642059326,0.0002824260727541297,0.0015564560890197754,5.274074816188917e-05,0.9,2.0,100,4,2,0.3,0.6,1.0,"{'subsample': 0.9, 'reg_lambda': 2, 'n_estimators': 100, 'min_child_weight': 4, 'max_depth': 2, 'learning_rate': 0.3, 'gamma': 0.6, 'colsample_bytree': 1.0}",-0.06034483353296919,-0.15207620509465533,-0.08794981114069621,-0.10027363173166914,-0.10016112037499747,0.03327777580967904,106
0.030460894107818604,0.0026016736151118383,0.002662956714630127,0.0008882334061479781,0.9,2.0,100,4,4,0.3,0.1,1.0,"{'subsample': 0.9, 'reg_lambda': 2, 'n_estimators': 100, 'min_child_weight': 4, 'max_depth': 4, 'learning_rate': 0.3, 'gamma': 0.1, 'colsample_bytree': 1.0}",-0.06034483353296919,-0.15207620509465533,-0.08794981114069621,-0.10027363173166914,-0.10016112037499747,0.03327777580967904,106
0.034528911113739014,0.005617436987504692,0.004324197769165039,0.0009344224096552765,0.8,1.0,100,1,8,0.01,0.4,0.8,"{'subsample': 0.8, 'reg_lambda': 1, 'n_estimators': 100, 'min_child_weight': 1, 'max_depth': 8, 'learning_rate': 0.01, 'gamma': 0.4, 'colsample_bytree': 0.8}",-0.06156482569376628,-0.15242670027414956,-0.08606441688537597,-0.10059883467356368,-0.10016369438171388,0.033242568424741645,108
0.13333606719970703,0.009511517119867372,0.003941059112548828,0.00012005967571592997,0.8,1.5,500,1,8,0.03,0.6,0.8,"{'subsample': 0.8, 'reg_lambda': 1.5, 'n_estimators': 500, 'min_child_weight': 1, 'max_depth': 8, 'learning_rate': 0.03, 'gamma': 0.6, 'colsample_bytree': 0.8}",-0.06049392461776737,-0.15186669476826983,-0.08692260456085205,-0.10139509312311812,-0.10016957926750183,0.033255576773203274,109
0.02137315273284912,0.0015478200122380661,0.0023143887519836426,0.000857094769366669,0.9,1.0,60,2,8,0.01,0.6,0.8,"{'subsample': 0.9, 'reg_lambda': 1, 'n_estimators': 60, 'min_child_weight': 2, 'max_depth': 8, 'learning_rate': 0.01, 'gamma': 0.6, 'colsample_bytree': 0.8}",-0.0613199102083842,-0.1524887089729309,-0.08611744515101115,-0.10075243584314986,-0.10016962504386903,0.033333130344087504,110
0.032496750354766846,0.007203882369908192,0.002445697784423828,0.0010505460254580457,0.8,2.0,100,2,3,0.01,0.4,0.9,"{'subsample': 0.8, 'reg_lambda': 2, 'n_estimators': 100, 'min_child_weight': 2, 'max_depth': 3, 'learning_rate': 0.01, 'gamma': 0.4, 'colsample_bytree': 0.9}",-0.06150206200281779,-0.1524235610961914,-0.08611372979482014,-0.10068776480356856,-0.10018177942434947,0.03325466258151188,111
0.005726337432861328,6.096596633172548e-05,0.00148850679397583,7.973156732530053e-05,0.9,1.0,20,4,2,0.01,0.0,0.6,"{'subsample': 0.9, 'reg_lambda': 1, 'n_estimators': 20, 'min_child_weight': 4, 'max_depth': 2, 'learning_rate': 0.01, 'gamma': 0, 'colsample_bytree': 0.6}",-0.061903614203135206,-0.15243504492441812,-0.08504654836654663,-0.1013606813748678,-0.10018647221724193,0.03326442029036444,112
0.03779399394989014,0.014424500212598374,0.005528807640075684,0.0033906342562850804,0.8,1.5,80,2,3,0.01,0.6,0.8,"{'subsample': 0.8, 'reg_lambda': 1.5, 'n_estimators': 80, 'min_child_weight': 2, 'max_depth': 3, 'learning_rate': 0.01, 'gamma': 0.6, 'colsample_bytree': 0.8}",-0.06052871386210127,-0.15207453616460162,-0.08663471412658691,-0.10156895987192793,-0.10020173100630443,0.03335666899624585,113
0.0044678449630737305,0.0002843899196066492,0.0014848113059997559,7.032325132786385e-05,0.9,1.5,10,4,8,0.03,0.0,1.0,"{'subsample': 0.9, 'reg_lambda': 1.5, 'n_estimators': 10, 'min_child_weight': 4, 'max_depth': 8, 'learning_rate': 0.03, 'gamma': 0, 'colsample_bytree': 1.0}",-0.0645006879170736,-0.1514614030520121,-0.08303266636530558,-0.10182891559600833,-0.1002059182325999,0.032401940127471274,114
0.06049007177352905,0.0023811602252457203,0.001596689224243164,7.491220264632353e-05,0.8,1.5,500,1,4,0.01,0.4,0.6,"{'subsample': 0.8, 'reg_lambda': 1.5, 'n_estimators': 500, 'min_child_weight': 1, 'max_depth': 4, 'learning_rate': 0.01, 'gamma': 0.4, 'colsample_bytree': 0.6}",-0.060391543706258176,-0.15177991040547686,-0.087067245165507,-0.10175862185160323,-0.10024933028221132,0.03324187557750012,115
0.060468852519989014,0.000812238692303863,0.0015421509742736816,7.312814654924691e-05,0.8,1.5,500,4,6,0.01,0.6,0.9,"{'subsample': 0.8, 'reg_lambda': 1.5, 'n_estimators': 500, 'min_child_weight': 4, 'max_depth': 6, 'learning_rate': 0.01, 'gamma': 0.6, 'colsample_bytree': 0.9}",-0.060391543706258176,-0.15177991040547686,-0.087067245165507,-0.10175862185160323,-0.10024933028221132,0.03324187557750012,115
0.025487959384918213,0.0032654883094931746,0.004041314125061035,0.0009139564769692377,0.8,1.0,80,1,6,0.01,0.6,1.0,"{'subsample': 0.8, 'reg_lambda': 1, 'n_estimators': 80, 'min_child_weight': 1, 'max_depth': 6, 'learning_rate': 0.01, 'gamma': 0.6, 'colsample_bytree': 1.0}",-0.061683558146158855,-0.15240144777297973,-0.08618763955434162,-0.1007395016352336,-0.10025303677717845,0.0331855898634859,117
0.0667223334312439,0.0042206613370780605,0.002049863338470459,0.0008470794760402103,0.8,2.0,500,4,4,0.01,0.6,0.6,"{'subsample': 0.8, 'reg_lambda': 2, 'n_estimators': 500, 'min_child_weight': 4, 'max_depth': 4, 'learning_rate': 0.01, 'gamma': 0.6, 'colsample_bytree': 0.6}",-0.06038919925689701,-0.15178171841303506,-0.08707036447525024,-0.1017848478953044,-0.10025653251012168,0.033243269312801915,118
0.03654545545578003,0.004305629545481469,0.0014590620994567871,1.4218800136421502e-05,0.9,2.0,300,4,6,0.01,0.6,1.0,"{'subsample': 0.9, 'reg_lambda': 2, 'n_estimators': 300, 'min_child_weight': 4, 'max_depth': 6, 'learning_rate': 0.01, 'gamma': 0.6, 'colsample_bytree': 1.0}",-0.0606514398256938,-0.15219169902801513,-0.08684790007273356,-0.10147126785914107,-0.10029057669639589,0.033343242409692636,119
0.03419309854507446,0.0012943378657686443,0.0014576315879821777,3.330161164877716e-05,0.9,1.5,300,1,4,0.01,0.6,1.0,"{'subsample': 0.9, 'reg_lambda': 1.5, 'n_estimators': 300, 'min_child_weight': 1, 'max_depth': 4, 'learning_rate': 0.01, 'gamma': 0.6, 'colsample_bytree': 1.0}",-0.06063786983489994,-0.1521783277193705,-0.08686647685368855,-0.10150446764628096,-0.10029678551355999,0.03334049977614867,120
0.00487750768661499,0.0001135861711670813,0.0016750693321228027,7.447773881587595e-05,0.8,1.5,10,1,6,0.03,0.1,1.0,"{'subsample': 0.8, 'reg_lambda': 1.5, 'n_estimators': 10, 'min_child_weight': 1, 'max_depth': 6, 'learning_rate': 0.03, 'gamma': 0.1, 'colsample_bytree': 1.0}",-0.06055913209915165,-0.1522420450846354,-0.08661617708206176,-0.10180380217234297,-0.10030528910954795,0.03341713986793039,121
0.06355643272399902,0.003682854507873999,0.0016297101974487305,0.0001324752083209685,0.9,1.0,500,1,4,0.01,0.4,0.8,"{'subsample': 0.9, 'reg_lambda': 1, 'n_estimators': 500, 'min_child_weight': 1, 'max_depth': 4, 'learning_rate': 0.01, 'gamma': 0.4, 'colsample_bytree': 0.8}",-0.06015340328216556,-0.1517713074684143,-0.08718234173456828,-0.10211851469675703,-0.10030639179547629,0.033303245003990414,122
0.06320369243621826,0.005096905348182099,0.0015288591384887695,7.920566983131822e-05,0.9,1.5,500,4,6,0.01,0.4,0.6,"{'subsample': 0.9, 'reg_lambda': 1.5, 'n_estimators': 500, 'min_child_weight': 4, 'max_depth': 6, 'learning_rate': 0.01, 'gamma': 0.4, 'colsample_bytree': 0.6}",-0.0601671123504639,-0.15178306945164996,-0.08717369906107585,-0.10211297146479292,-0.10030921308199565,0.033304434440482304,123
0.06307435035705566,0.006686953241069469,0.0015644431114196777,7.301106730250578e-05,0.9,2.0,500,4,6,0.01,0.1,0.6,"{'subsample': 0.9, 'reg_lambda': 2, 'n_estimators': 500, 'min_child_weight': 4, 'max_depth': 6, 'learning_rate': 0.01, 'gamma': 0.1, 'colsample_bytree': 0.6}",-0.06018016576766971,-0.1517942353884379,-0.08716531467437744,-0.10210754744211836,-0.10031181581815085,0.03330557012338142,124
0.0055844783782958984,0.00022143073389959742,0.0014857053756713867,4.563910174588566e-05,0.9,1.0,20,1,2,0.01,0.4,0.6,"{'subsample': 0.9, 'reg_lambda': 1, 'n_estimators': 20, 'min_child_weight': 1, 'max_depth': 2, 'learning_rate': 0.01, 'gamma': 0.4, 'colsample_bytree': 0.6}",-0.06137897841135661,-0.15252393531799316,-0.0864498602549235,-0.10097190014521285,-0.10033116853237153,0.03329586789849163,125
0.012831270694732666,0.001117057088110054,0.0033124685287475586,0.0011544501677268758,0.9,1.0,20,4,2,0.01,0.4,0.8,"{'subsample': 0.9, 'reg_lambda': 1, 'n_estimators': 20, 'min_child_weight': 4, 'max_depth': 2, 'learning_rate': 0.01, 'gamma': 0.4, 'colsample_bytree': 0.8}",-0.06137897841135661,-0.15252393531799316,-0.0864498602549235,-0.10097190014521285,-0.10033116853237153,0.03329586789849163,125
0.009786903858184814,0.003684508484894836,0.0038568973541259766,0.0009943959484784133,0.8,2.0,10,1,4,0.03,0.4,0.6,"{'subsample': 0.8, 'reg_lambda': 2, 'n_estimators': 10, 'min_child_weight': 1, 'max_depth': 4, 'learning_rate': 0.03, 'gamma': 0.4, 'colsample_bytree': 0.6}",-0.06197210423151652,-0.15262138891220092,-0.08643344910939534,-0.1005072223345439,-0.10038354114691417,0.0331619193878546,127
0.006169378757476807,0.0018975964648502643,0.002058565616607666,0.0009187436260787065,0.8,2.0,10,4,6,0.03,0.4,0.8,"{'subsample': 0.8, 'reg_lambda': 2, 'n_estimators': 10, 'min_child_weight': 4, 'max_depth': 6, 'learning_rate': 0.03, 'gamma': 0.4, 'colsample_bytree': 0.8}",-0.06197210423151652,-0.15262138891220092,-0.08643344910939534,-0.1005072223345439,-0.10038354114691417,0.0331619193878546,127
0.005212008953094482,0.0014749461408333803,0.001784205436706543,0.0006508252206667555,0.8,1.0,10,4,4,0.01,0.0,0.6,"{'subsample': 0.8, 'reg_lambda': 1, 'n_estimators': 10, 'min_child_weight': 4, 'max_depth': 4, 'learning_rate': 0.01, 'gamma': 0, 'colsample_bytree': 0.6}",-0.061261076132456495,-0.15246146965026855,-0.08647564919789631,-0.101452710946401,-0.10041272648175559,0.03330633228606299,129
0.06344473361968994,0.0051568658328840075,0.0015409588813781738,3.0717795974337404e-05,0.9,1.5,500,4,3,0.01,0.1,1.0,"{'subsample': 0.9, 'reg_lambda': 1.5, 'n_estimators': 500, 'min_child_weight': 4, 'max_depth': 3, 'learning_rate': 0.01, 'gamma': 0.1, 'colsample_bytree': 1.0}",-0.06057554324467981,-0.15216563193003335,-0.08690343173344929,-0.1020820366541545,-0.10043166089057924,0.03335659828880813,130
0.007241249084472656,0.0012883091155214562,0.0016628503799438477,0.00022998697609350111,0.9,1.0,10,4,2,0.1,0.6,1.0,"{'subsample': 0.9, 'reg_lambda': 1, 'n_estimators': 10, 'min_child_weight': 4, 'max_depth': 2, 'learning_rate': 0.1, 'gamma': 0.6, 'colsample_bytree': 1.0}",-0.06414975992838541,-0.153279483795166,-0.08570303392410278,-0.0986199604670207,-0.10043805952866873,0.0328994045164843,131
0.04156404733657837,0.004320772812894749,0.0015736818313598633,0.00010798289087523201,0.8,1.5,300,1,2,0.01,0.6,0.8,"{'subsample': 0.8, 'reg_lambda': 1.5, 'n_estimators': 300, 'min_child_weight': 1, 'max_depth': 2, 'learning_rate': 0.01, 'gamma': 0.6, 'colsample_bytree': 0.8}",-0.060277122656504346,-0.15173403469721475,-0.087209481716156,-0.10261549822489424,-0.10045903432369233,0.03325625004939478,132
0.04108738899230957,0.0072276770566978,0.004911482334136963,0.0017659059597539561,0.9,1.5,80,2,4,0.3,0.1,0.9,"{'subsample': 0.9, 'reg_lambda': 1.5, 'n_estimators': 80, 'min_child_weight': 2, 'max_depth': 4, 'learning_rate': 0.3, 'gamma': 0.1, 'colsample_bytree': 0.9}",-0.061406694571177166,-0.15264457511901855,-0.08653958511352539,-0.10127397648493452,-0.10046620782216391,0.033327281990325884,133
0.006172835826873779,0.0009285473558903783,0.0017605423927307129,0.00030624828783140515,0.9,1.5,10,4,6,0.1,0.6,0.8,"{'subsample': 0.9, 'reg_lambda': 1.5, 'n_estimators': 10, 'min_child_weight': 4, 'max_depth': 6, 'learning_rate': 0.1, 'gamma': 0.6, 'colsample_bytree': 0.8}",-0.06430449358622232,-0.1531457111040751,-0.0862571981747945,-0.09819575421015425,-0.10047578926881154,0.032748473972299984,134
0.012257635593414307,0.0037752249986572717,0.0014927387237548828,7.026090757082705e-05,0.9,1.0,10,4,4,0.01,0.6,0.8,"{'subsample': 0.9, 'reg_lambda': 1, 'n_estimators': 10, 'min_child_weight': 4, 'max_depth': 4, 'learning_rate': 0.01, 'gamma': 0.6, 'colsample_bytree': 0.8}",-0.061488412539164226,-0.15259192434946695,-0.08661585919062297,-0.10142805449167891,-0.10053106264273326,0.03327573939917814,135
0.02945953607559204,0.0007443220198383756,0.0036873221397399902,0.0014668883066708443,1.0,1.5,100,4,3,0.3,0.1,0.6,"{'subsample': 1.0, 'reg_lambda': 1.5, 'n_estimators': 100, 'min_child_weight': 4, 'max_depth': 3, 'learning_rate': 0.3, 'gamma': 0.1, 'colsample_bytree': 0.6}",-0.061111115137736004,-0.1525185112953186,-0.08666666221618652,-0.10200002066294356,-0.10057407732804617,0.0333579042900708,136
0.00416940450668335,0.0002256789201342913,0.0014350414276123047,2.6782058936816377e-05,1.0,1.0,10,2,2,0.03,0.6,1.0,"{'subsample': 1.0, 'reg_lambda': 1, 'n_estimators': 10, 'min_child_weight': 2, 'max_depth': 2, 'learning_rate': 0.03, 'gamma': 0.6, 'colsample_bytree': 1.0}",-0.061111115137736004,-0.1525185112953186,-0.08666666221618652,-0.10200002066294356,-0.10057407732804617,0.0333579042900708,136
0.028803229331970215,0.00114144703723726,0.0038031339645385742,0.001668232316382719,1.0,2.0,100,1,3,0.3,0.6,0.6,"{'subsample': 1.0, 'reg_lambda': 2, 'n_estimators': 100, 'min_child_weight': 1, 'max_depth': 3, 'learning_rate': 0.3, 'gamma': 0.6, 'colsample_bytree': 0.6}",-0.061111115137736004,-0.1525185112953186,-0.08666666221618652,-0.10200002066294356,-0.10057407732804617,0.0333579042900708,136
0.01455014944076538,0.004988987130101706,0.0014916062355041504,8.07442763462029e-05,1.0,1.5,80,4,8,0.03,0.6,0.9,"{'subsample': 1.0, 'reg_lambda': 1.5, 'n_estimators': 80, 'min_child_weight': 4, 'max_depth': 8, 'learning_rate': 0.03, 'gamma': 0.6, 'colsample_bytree': 0.9}",-0.061111115137736004,-0.1525185112953186,-0.08666666221618652,-0.10200002066294356,-0.10057407732804617,0.0333579042900708,136
0.09245043992996216,0.016118224744211013,0.0020275115966796875,0.0005201369196060232,1.0,2.0,500,2,4,0.01,0.6,0.6,"{'subsample': 1.0, 'reg_lambda': 2, 'n_estimators': 500, 'min_child_weight': 2, 'max_depth': 4, 'learning_rate': 0.01, 'gamma': 0.6, 'colsample_bytree': 0.6}",-0.061111115137736004,-0.1525185112953186,-0.08666666221618652,-0.10200002066294356,-0.10057407732804617,0.0333579042900708,136
0.008156418800354004,0.00017004130231215055,0.0016067028045654297,8.632794028103008e-05,1.0,1.0,40,2,4,0.3,0.6,0.6,"{'subsample': 1.0, 'reg_lambda': 1, 'n_estimators': 40, 'min_child_weight': 2, 'max_depth': 4, 'learning_rate': 0.3, 'gamma': 0.6, 'colsample_bytree': 0.6}",-0.061111115137736004,-0.1525185112953186,-0.08666666221618652,-0.10200002066294356,-0.10057407732804617,0.0333579042900708,136
0.007750511169433594,0.0001472680124870846,0.001551806926727295,3.174432809173964e-05,1.0,2.0,40,2,4,0.3,0.1,0.8,"{'subsample': 1.0, 'reg_lambda': 2, 'n_estimators': 40, 'min_child_weight': 2, 'max_depth': 4, 'learning_rate': 0.3, 'gamma': 0.1, 'colsample_bytree': 0.8}",-0.061111115137736004,-0.1525185112953186,-0.08666666221618652,-0.10200002066294356,-0.10057407732804617,0.0333579042900708,136
0.008021175861358643,8.799702819269056e-05,0.0015848875045776367,4.0527827462593684e-05,1.0,1.5,40,2,4,0.3,0.4,0.9,"{'subsample': 1.0, 'reg_lambda': 1.5, 'n_estimators': 40, 'min_child_weight': 2, 'max_depth': 4, 'learning_rate': 0.3, 'gamma': 0.4, 'colsample_bytree': 0.9}",-0.061111115137736004,-0.1525185112953186,-0.08666666221618652,-0.10200002066294356,-0.10057407732804617,0.0333579042900708,136
0.026112794876098633,0.004266108190142741,0.003669440746307373,0.0020343590284142357,1.0,2.0,80,2,8,0.1,0.4,0.6,"{'subsample': 1.0, 'reg_lambda': 2, 'n_estimators': 80, 'min_child_weight': 2, 'max_depth': 8, 'learning_rate': 0.1, 'gamma': 0.4, 'colsample_bytree': 0.6}",-0.061111115137736004,-0.1525185112953186,-0.08666666221618652,-0.10200002066294356,-0.10057407732804617,0.0333579042900708,136
0.12382793426513672,0.031530838638707696,0.006969094276428223,0.0024493844884806927,1.0,2.0,300,4,3,0.1,0.6,0.9,"{'subsample': 1.0, 'reg_lambda': 2, 'n_estimators': 300, 'min_child_weight': 4, 'max_depth': 3, 'learning_rate': 0.1, 'gamma': 0.6, 'colsample_bytree': 0.9}",-0.061111115137736004,-0.1525185112953186,-0.08666666221618652,-0.10200002066294356,-0.10057407732804617,0.0333579042900708,136
0.0250052809715271,0.005717163542089177,0.00514906644821167,0.0015491159283530663,1.0,1.5,60,2,3,0.03,0.1,0.9,"{'subsample': 1.0, 'reg_lambda': 1.5, 'n_estimators': 60, 'min_child_weight': 2, 'max_depth': 3, 'learning_rate': 0.03, 'gamma': 0.1, 'colsample_bytree': 0.9}",-0.061111115137736004,-0.1525185112953186,-0.08666666221618652,-0.10200002066294356,-0.10057407732804617,0.0333579042900708,136
0.08854418992996216,0.014983556305196955,0.003620147705078125,0.0009933013029211422,1.0,1.0,300,2,6,0.3,0.4,0.9,"{'subsample': 1.0, 'reg_lambda': 1, 'n_estimators': 300, 'min_child_weight': 2, 'max_depth': 6, 'learning_rate': 0.3, 'gamma': 0.4, 'colsample_bytree': 0.9}",-0.061111115137736004,-0.1525185112953186,-0.08666666221618652,-0.10200002066294356,-0.10057407732804617,0.0333579042900708,136
0.100269615650177,0.024466830106856033,0.0031570792198181152,0.0010540739568355038,1.0,2.0,500,4,6,0.01,0.6,0.6,"{'subsample': 1.0, 'reg_lambda': 2, 'n_estimators': 500, 'min_child_weight': 4, 'max_depth': 6, 'learning_rate': 0.01, 'gamma': 0.6, 'colsample_bytree': 0.6}",-0.061111115137736004,-0.1525185112953186,-0.08666666221618652,-0.10200002066294356,-0.10057407732804617,0.0333579042900708,136
0.0450931191444397,0.011278628175768267,0.004728436470031738,0.0030729061745867433,1.0,1.0,100,2,8,0.03,0.1,0.8,"{'subsample': 1.0, 'reg_lambda': 1, 'n_estimators': 100, 'min_child_weight': 2, 'max_depth': 8, 'learning_rate': 0.03, 'gamma': 0.1, 'colsample_bytree': 0.8}",-0.061111115137736004,-0.1525185112953186,-0.08666666221618652,-0.10200002066294356,-0.10057407732804617,0.0333579042900708,136
0.031952738761901855,0.005070251602668323,0.003877580165863037,0.0013696732607634122,1.0,2.0,100,2,8,0.3,0.4,0.6,"{'subsample': 1.0, 'reg_lambda': 2, 'n_estimators': 100, 'min_child_weight': 2, 'max_depth': 8, 'learning_rate': 0.3, 'gamma': 0.4, 'colsample_bytree': 0.6}",-0.061111115137736004,-0.1525185112953186,-0.08666666221618652,-0.10200002066294356,-0.10057407732804617,0.0333579042900708,136
0.01052027940750122,0.0013521752267340594,0.004202604293823242,0.0008254360072540308,1.0,1.0,10,4,8,0.3,0.6,1.0,"{'subsample': 1.0, 'reg_lambda': 1, 'n_estimators': 10, 'min_child_weight': 4, 'max_depth': 8, 'learning_rate': 0.3, 'gamma': 0.6, 'colsample_bytree': 1.0}",-0.061111115137736004,-0.1525185112953186,-0.08666666221618652,-0.10200002066294356,-0.10057407732804617,0.0333579042900708,136
0.00603640079498291,0.0031377987248604917,0.0019971132278442383,0.0008308103348580067,1.0,1.0,10,1,8,0.01,0.1,0.9,"{'subsample': 1.0, 'reg_lambda': 1, 'n_estimators': 10, 'min_child_weight': 1, 'max_depth': 8, 'learning_rate': 0.01, 'gamma': 0.1, 'colsample_bytree': 0.9}",-0.061111115137736004,-0.1525185112953186,-0.08666666221618652,-0.10200002066294356,-0.10057407732804617,0.0333579042900708,136
0.09322112798690796,0.027620602274076513,0.003719508647918701,0.0015409571130422448,1.0,1.0,500,2,2,0.3,0.4,0.6,"{'subsample': 1.0, 'reg_lambda': 1, 'n_estimators': 500, 'min_child_weight': 2, 'max_depth': 2, 'learning_rate': 0.3, 'gamma': 0.4, 'colsample_bytree': 0.6}",-0.061111115137736004,-0.1525185112953186,-0.08666666221618652,-0.10200002066294356,-0.10057407732804617,0.0333579042900708,136
0.033379971981048584,0.01851196294612283,0.0023853182792663574,0.0011339306727341076,1.0,2.0,100,1,8,0.03,0.4,0.9,"{'subsample': 1.0, 'reg_lambda': 2, 'n_estimators': 100, 'min_child_weight': 1, 'max_depth': 8, 'learning_rate': 0.03, 'gamma': 0.4, 'colsample_bytree': 0.9}",-0.061111115137736004,-0.1525185112953186,-0.08666666221618652,-0.10200002066294356,-0.10057407732804617,0.0333579042900708,136
0.05345433950424194,0.008725351923506349,0.006490230560302734,0.0029971268482259323,1.0,1.5,100,1,6,0.1,0.6,0.8,"{'subsample': 1.0, 'reg_lambda': 1.5, 'n_estimators': 100, 'min_child_weight': 1, 'max_depth': 6, 'learning_rate': 0.1, 'gamma': 0.6, 'colsample_bytree': 0.8}",-0.061111115137736004,-0.1525185112953186,-0.08666666221618652,-0.10200002066294356,-0.10057407732804617,0.0333579042900708,136
0.010755777359008789,0.0028724616237557,0.00403141975402832,0.0009425563799161849,1.0,2.0,20,2,4,0.03,0.4,0.9,"{'subsample': 1.0, 'reg_lambda': 2, 'n_estimators': 20, 'min_child_weight': 2, 'max_depth': 4, 'learning_rate': 0.03, 'gamma': 0.4, 'colsample_bytree': 0.9}",-0.061111115137736004,-0.1525185112953186,-0.08666666221618652,-0.10200002066294356,-0.10057407732804617,0.0333579042900708,136
0.5091190338134766,0.4744735526511056,0.009435534477233887,0.0025212515639253695,1.0,1.0,80,4,8,0.1,0.4,0.6,"{'subsample': 1.0, 'reg_lambda': 1, 'n_estimators': 80, 'min_child_weight': 4, 'max_depth': 8, 'learning_rate': 0.1, 'gamma': 0.4, 'colsample_bytree': 0.6}",-0.061111115137736004,-0.1525185112953186,-0.08666666221618652,-0.10200002066294356,-0.10057407732804617,0.0333579042900708,136
0.031533658504486084,0.007677874493058124,0.004591047763824463,0.003055291874038914,1.0,1.5,60,1,8,0.1,0.6,0.9,"{'subsample': 1.0, 'reg_lambda': 1.5, 'n_estimators': 60, 'min_child_weight': 1, 'max_depth': 8, 'learning_rate': 0.1, 'gamma': 0.6, 'colsample_bytree': 0.9}",-0.061111115137736004,-0.1525185112953186,-0.08666666221618652,-0.10200002066294356,-0.10057407732804617,0.0333579042900708,136
0.015797078609466553,0.002340692595081365,0.0061667561531066895,0.0008545830593786679,1.0,1.0,10,4,2,0.1,0.6,1.0,"{'subsample': 1.0, 'reg_lambda': 1, 'n_estimators': 10, 'min_child_weight': 4, 'max_depth': 2, 'learning_rate': 0.1, 'gamma': 0.6, 'colsample_bytree': 1.0}",-0.061111115137736004,-0.1525185112953186,-0.08666666221618652,-0.10200002066294356,-0.10057407732804617,0.0333579042900708,136
0.008119463920593262,0.0005337942407429306,0.001548171043395996,0.00010652222208070713,1.0,1.0,40,4,2,0.3,0.4,0.8,"{'subsample': 1.0, 'reg_lambda': 1, 'n_estimators': 40, 'min_child_weight': 4, 'max_depth': 2, 'learning_rate': 0.3, 'gamma': 0.4, 'colsample_bytree': 0.8}",-0.061111115137736004,-0.1525185112953186,-0.08666666221618652,-0.10200002066294356,-0.10057407732804617,0.0333579042900708,136
0.014016866683959961,0.00023608177123784815,0.0014226436614990234,9.479035181714694e-05,1.0,2.0,100,4,8,0.3,0.4,0.9,"{'subsample': 1.0, 'reg_lambda': 2, 'n_estimators': 100, 'min_child_weight': 4, 'max_depth': 8, 'learning_rate': 0.3, 'gamma': 0.4, 'colsample_bytree': 0.9}",-0.061111115137736004,-0.1525185112953186,-0.08666666221618652,-0.10200002066294356,-0.10057407732804617,0.0333579042900708,136
0.04382115602493286,0.005846740665875624,0.002611815929412842,0.0017321053274391353,1.0,1.0,300,2,8,0.1,0.6,0.9,"{'subsample': 1.0, 'reg_lambda': 1, 'n_estimators': 300, 'min_child_weight': 2, 'max_depth': 8, 'learning_rate': 0.1, 'gamma': 0.6, 'colsample_bytree': 0.9}",-0.061111115137736004,-0.1525185112953186,-0.08666666221618652,-0.10200002066294356,-0.10057407732804617,0.0333579042900708,136
0.0075147151947021484,0.00019504002322980477,0.0015214085578918457,5.910938859546791e-05,1.0,1.0,40,4,8,0.03,0.1,0.6,"{'subsample': 1.0, 'reg_lambda': 1, 'n_estimators': 40, 'min_child_weight': 4, 'max_depth': 8, 'learning_rate': 0.03, 'gamma': 0.1, 'colsample_bytree': 0.6}",-0.061111115137736004,-0.1525185112953186,-0.08666666221618652,-0.10200002066294356,-0.10057407732804617,0.0333579042900708,136
0.05725353956222534,0.005070007207081091,0.0017228126525878906,0.00039171610234381177,1.0,1.5,500,1,3,0.01,0.6,1.0,"{'subsample': 1.0, 'reg_lambda': 1.5, 'n_estimators': 500, 'min_child_weight': 1, 'max_depth': 3, 'learning_rate': 0.01, 'gamma': 0.6, 'colsample_bytree': 1.0}",-0.061111115137736004,-0.1525185112953186,-0.08666666221618652,-0.10200002066294356,-0.10057407732804617,0.0333579042900708,136
0.009528756141662598,0.0005916358481581276,0.001493215560913086,2.506968808410914e-05,1.0,2.0,60,2,8,0.03,0.6,1.0,"{'subsample': 1.0, 'reg_lambda': 2, 'n_estimators': 60, 'min_child_weight': 2, 'max_depth': 8, 'learning_rate': 0.03, 'gamma': 0.6, 'colsample_bytree': 1.0}",-0.061111115137736004,-0.1525185112953186,-0.08666666221618652,-0.10200002066294356,-0.10057407732804617,0.0333579042900708,136
0.07042330503463745,0.01206195179608681,0.0018411874771118164,0.00043769815285711486,1.0,1.5,500,1,4,0.3,0.6,1.0,"{'subsample': 1.0, 'reg_lambda': 1.5, 'n_estimators': 500, 'min_child_weight': 1, 'max_depth': 4, 'learning_rate': 0.3, 'gamma': 0.6, 'colsample_bytree': 1.0}",-0.061111115137736004,-0.1525185112953186,-0.08666666221618652,-0.10200002066294356,-0.10057407732804617,0.0333579042900708,136
0.005478382110595703,0.00018767192320734942,0.0015717744827270508,4.961527293123426e-05,1.0,2.0,20,2,3,0.01,0.6,1.0,"{'subsample': 1.0, 'reg_lambda': 2, 'n_estimators': 20, 'min_child_weight': 2, 'max_depth': 3, 'learning_rate': 0.01, 'gamma': 0.6, 'colsample_bytree': 1.0}",-0.061111115137736004,-0.1525185112953186,-0.08666666221618652,-0.10200002066294356,-0.10057407732804617,0.0333579042900708,136
0.0052710771560668945,0.0008189087590323302,0.0016230344772338867,9.131377110430858e-05,1.0,1.5,10,1,6,0.1,0.1,0.9,"{'subsample': 1.0, 'reg_lambda': 1.5, 'n_estimators': 10, 'min_child_weight': 1, 'max_depth': 6, 'learning_rate': 0.1, 'gamma': 0.1, 'colsample_bytree': 0.9}",-0.061111115137736004,-0.1525185112953186,-0.08666666221618652,-0.10200002066294356,-0.10057407732804617,0.0333579042900708,136
0.007482707500457764,0.00040238068860931733,0.0014903545379638672,0.00010479167845122625,1.0,1.5,40,1,4,0.1,0.4,0.9,"{'subsample': 1.0, 'reg_lambda': 1.5, 'n_estimators': 40, 'min_child_weight': 1, 'max_depth': 4, 'learning_rate': 0.1, 'gamma': 0.4, 'colsample_bytree': 0.9}",-0.061111115137736004,-0.1525185112953186,-0.08666666221618652,-0.10200002066294356,-0.10057407732804617,0.0333579042900708,136
0.04897505044937134,0.017307482331344028,0.002741515636444092,0.0020561005205457085,1.0,1.0,300,4,6,0.03,0.4,1.0,"{'subsample': 1.0, 'reg_lambda': 1, 'n_estimators': 300, 'min_child_weight': 4, 'max_depth': 6, 'learning_rate': 0.03, 'gamma': 0.4, 'colsample_bytree': 1.0}",-0.061111115137736004,-0.1525185112953186,-0.08666666221618652,-0.10200002066294356,-0.10057407732804617,0.0333579042900708,136
0.009730041027069092,0.00031235701919776803,0.0015851855278015137,6.176315432975854e-05,1.0,1.0,60,1,2,0.3,0.1,0.8,"{'subsample': 1.0, 'reg_lambda': 1, 'n_estimators': 60, 'min_child_weight': 1, 'max_depth': 2, 'learning_rate': 0.3, 'gamma': 0.1, 'colsample_bytree': 0.8}",-0.061111115137736004,-0.1525185112953186,-0.08666666221618652,-0.10200002066294356,-0.10057407732804617,0.0333579042900708,136
0.007717490196228027,0.00014322811346572495,0.0015259385108947754,7.939202200801874e-05,1.0,1.0,40,2,3,0.01,0.1,0.9,"{'subsample': 1.0, 'reg_lambda': 1, 'n_estimators': 40, 'min_child_weight': 2, 'max_depth': 3, 'learning_rate': 0.01, 'gamma': 0.1, 'colsample_bytree': 0.9}",-0.061111115137736004,-0.1525185112953186,-0.08666666221618652,-0.10200002066294356,-0.10057407732804617,0.0333579042900708,136
0.037229716777801514,0.005240156231126155,0.0014973282814025879,6.929072641480168e-05,1.0,1.0,300,4,4,0.1,0.1,1.0,"{'subsample': 1.0, 'reg_lambda': 1, 'n_estimators': 300, 'min_child_weight': 4, 'max_depth': 4, 'learning_rate': 0.1, 'gamma': 0.1, 'colsample_bytree': 1.0}",-0.061111115137736004,-0.1525185112953186,-0.08666666221618652,-0.10200002066294356,-0.10057407732804617,0.0333579042900708,136
0.004237532615661621,5.733322416643477e-05,0.0014758110046386719,2.312905996574578e-05,1.0,1.5,10,1,3,0.03,0.1,0.8,"{'subsample': 1.0, 'reg_lambda': 1.5, 'n_estimators': 10, 'min_child_weight': 1, 'max_depth': 3, 'learning_rate': 0.03, 'gamma': 0.1, 'colsample_bytree': 0.8}",-0.061111115137736004,-0.1525185112953186,-0.08666666221618652,-0.10200002066294356,-0.10057407732804617,0.0333579042900708,136
0.03515446186065674,0.0013476819602388607,0.0016341805458068848,0.00014587431606343553,1.0,1.0,300,4,6,0.1,0.4,1.0,"{'subsample': 1.0, 'reg_lambda': 1, 'n_estimators': 300, 'min_child_weight': 4, 'max_depth': 6, 'learning_rate': 0.1, 'gamma': 0.4, 'colsample_bytree': 1.0}",-0.061111115137736004,-0.1525185112953186,-0.08666666221618652,-0.10200002066294356,-0.10057407732804617,0.0333579042900708,136
0.05648922920227051,0.005590028956844629,0.0015200376510620117,8.720882660222258e-05,1.0,1.0,500,1,3,0.3,0.1,1.0,"{'subsample': 1.0, 'reg_lambda': 1, 'n_estimators': 500, 'min_child_weight': 1, 'max_depth': 3, 'learning_rate': 0.3, 'gamma': 0.1, 'colsample_bytree': 1.0}",-0.061111115137736004,-0.1525185112953186,-0.08666666221618652,-0.10200002066294356,-0.10057407732804617,0.0333579042900708,136
0.06116437911987305,0.011963937959488755,0.004804134368896484,0.002409743851775176,1.0,2.0,300,1,2,0.3,0.4,0.9,"{'subsample': 1.0, 'reg_lambda': 2, 'n_estimators': 300, 'min_child_weight': 1, 'max_depth': 2, 'learning_rate': 0.3, 'gamma': 0.4, 'colsample_bytree': 0.9}",-0.061111115137736004,-0.1525185112953186,-0.08666666221618652,-0.10200002066294356,-0.10057407732804617,0.0333579042900708,136
0.01725667715072632,0.002232862945729164,0.005704104900360107,0.0006306332849111102,0.6,2.0,20,4,3,0.03,0.1,1.0,"{'subsample': 0.6, 'reg_lambda': 2, 'n_estimators': 20, 'min_child_weight': 4, 'max_depth': 3, 'learning_rate': 0.03, 'gamma': 0.1, 'colsample_bytree': 1.0}",-0.06304111353556315,-0.15266599305470782,-0.08649376900990803,-0.10026582352320357,-0.10061667478084564,0.0328657644810354,178
0.017558276653289795,0.006254353836865723,0.0025295019149780273,0.0017279142507650677,0.6,2.0,80,2,2,0.1,0.1,0.6,"{'subsample': 0.6, 'reg_lambda': 2, 'n_estimators': 80, 'min_child_weight': 2, 'max_depth': 2, 'learning_rate': 0.1, 'gamma': 0.1, 'colsample_bytree': 0.6}",-0.059826471805572545,-0.1506273949940999,-0.08741716416676838,-0.10473021141688033,-0.1006503105958303,0.03300021414190867,179
0.004776656627655029,0.0003976580462899736,0.0015101432800292969,6.582231357116944e-05,0.8,1.5,10,2,8,0.03,0.0,0.6,"{'subsample': 0.8, 'reg_lambda': 1.5, 'n_estimators': 10, 'min_child_weight': 2, 'max_depth': 8, 'learning_rate': 0.03, 'gamma': 0, 'colsample_bytree': 0.6}",-0.06389262549082438,-0.15259814310073852,-0.08437520138422648,-0.10200856399536136,-0.10071863349278769,0.03284969587496492,180
0.03518909215927124,0.008542379793457063,0.007663607597351074,0.003098349183877756,0.9,1.5,60,4,6,0.01,0.6,1.0,"{'subsample': 0.9, 'reg_lambda': 1.5, 'n_estimators': 60, 'min_child_weight': 4, 'max_depth': 6, 'learning_rate': 0.01, 'gamma': 0.6, 'colsample_bytree': 1.0}",-0.06202473513285319,-0.15268935807545977,-0.08659094444910685,-0.10158707968393965,-0.10072302933533987,0.03316066835554222,181
0.012946724891662598,0.004104674092255181,0.0019588470458984375,0.0005357465742397326,0.9,1.0,60,4,6,0.01,0.4,1.0,"{'subsample': 0.9, 'reg_lambda': 1, 'n_estimators': 60, 'min_child_weight': 4, 'max_depth': 6, 'learning_rate': 0.01, 'gamma': 0.4, 'colsample_bytree': 1.0}",-0.06206377617518107,-0.15269668944676715,-0.0865872688293457,-0.10156937710444136,-0.10072927788893382,0.033152432315483336,182
0.01611196994781494,0.003572389321567147,0.002038300037384033,0.0009434971686754468,0.6,1.5,80,1,4,0.1,0.1,0.6,"{'subsample': 0.6, 'reg_lambda': 1.5, 'n_estimators': 80, 'min_child_weight': 1, 'max_depth': 4, 'learning_rate': 0.1, 'gamma': 0.1, 'colsample_bytree': 0.6}",-0.05976960897445682,-0.15057222096125283,-0.08751867087682087,-0.10507037512461348,-0.100732718984286,0.03299764638261179,183
0.006689548492431641,0.0015655946114987002,0.001965343952178955,0.0008587761989142999,0.9,2.0,20,1,6,0.01,0.1,1.0,"{'subsample': 0.9, 'reg_lambda': 2, 'n_estimators': 20, 'min_child_weight': 1, 'max_depth': 6, 'learning_rate': 0.01, 'gamma': 0.1, 'colsample_bytree': 1.0}",-0.06183930508295695,-0.152682404200236,-0.08665148289998371,-0.1018148886362712,-0.10074702020486197,0.03320737463897998,184
0.012983262538909912,0.0009499846157251207,0.0016079545021057129,7.694871918217419e-05,0.6,1.0,80,1,4,0.3,0.4,0.8,"{'subsample': 0.6, 'reg_lambda': 1, 'n_estimators': 80, 'min_child_weight': 1, 'max_depth': 4, 'learning_rate': 0.3, 'gamma': 0.4, 'colsample_bytree': 0.8}",-0.057915407816569044,-0.14903169918060302,-0.0882698483467102,-0.10781189076105757,-0.10075721152623496,0.03305884541871081,185
0.06482124328613281,0.010074386210454925,0.0015538334846496582,5.373982671235383e-05,0.8,2.0,500,2,6,0.03,0.1,1.0,"{'subsample': 0.8, 'reg_lambda': 2, 'n_estimators': 500, 'min_child_weight': 2, 'max_depth': 6, 'learning_rate': 0.03, 'gamma': 0.1, 'colsample_bytree': 1.0}",-0.06145735851923625,-0.15253027327855426,-0.08665797980626423,-0.10265138022104903,-0.10082424795627594,0.033268929214009896,186
0.004717111587524414,0.0002551177392819015,0.0014818310737609863,8.83872974526635e-05,0.8,2.0,10,2,4,0.1,0.0,0.6,"{'subsample': 0.8, 'reg_lambda': 2, 'n_estimators': 10, 'min_child_weight': 2, 'max_depth': 4, 'learning_rate': 0.1, 'gamma': 0, 'colsample_bytree': 0.6}",-0.06850993903477987,-0.15239316272735595,-0.08019314082463581,-0.10223571729660037,-0.100832989970843,0.032137213838575866,187
0.03189796209335327,0.001560291691147598,0.0030066370964050293,0.0009290692879999922,0.6,2.0,100,1,6,0.1,0.6,0.9,"{'subsample': 0.6, 'reg_lambda': 2, 'n_estimators': 100, 'min_child_weight': 1, 'max_depth': 6, 'learning_rate': 0.1, 'gamma': 0.6, 'colsample_bytree': 0.9}",-0.06844278446833292,-0.15404357560475665,-0.08373991521199543,-0.09719421736399336,-0.10085512316226959,0.032349280313795824,188
0.014595210552215576,0.0005566549831691525,0.0015350580215454102,9.049461329755901e-05,0.6,2.0,100,1,8,0.1,0.4,0.8,"{'subsample': 0.6, 'reg_lambda': 2, 'n_estimators': 100, 'min_child_weight': 1, 'max_depth': 8, 'learning_rate': 0.1, 'gamma': 0.4, 'colsample_bytree': 0.8}",-0.06844278446833292,-0.15404357560475665,-0.08373991521199543,-0.09719421736399336,-0.10085512316226959,0.032349280313795824,188
0.0949944257736206,0.014739631666484017,0.002943098545074463,0.0008420345846858866,0.8,1.5,500,2,3,0.3,0.4,0.8,"{'subsample': 0.8, 'reg_lambda': 1.5, 'n_estimators': 500, 'min_child_weight': 2, 'max_depth': 3, 'learning_rate': 0.3, 'gamma': 0.4, 'colsample_bytree': 0.8}",-0.060446121692657506,-0.15178217538197833,-0.08731504154205322,-0.10391732327143355,-0.10086516547203064,0.03323839092058608,190
0.07440227270126343,0.028912218653281717,0.004544436931610107,0.0020104936336607284,0.9,1.5,300,4,6,0.1,0.4,1.0,"{'subsample': 0.9, 'reg_lambda': 1.5, 'n_estimators': 300, 'min_child_weight': 4, 'max_depth': 6, 'learning_rate': 0.1, 'gamma': 0.4, 'colsample_bytree': 1.0}",-0.06030241489410404,-0.15203795878092446,-0.08768133195241291,-0.10376914612452193,-0.10094771293799083,0.03333995659508403,191
0.008183002471923828,0.0020665886712149194,0.002291381359100342,0.0012904300631455263,1.0,1.5,10,2,8,0.03,0.0,0.6,"{'subsample': 1.0, 'reg_lambda': 1.5, 'n_estimators': 10, 'min_child_weight': 2, 'max_depth': 8, 'learning_rate': 0.03, 'gamma': 0, 'colsample_bytree': 0.6}",-0.06484375238418583,-0.149598797639211,-0.08763394625981648,-0.10177397998174036,-0.10096261906623842,0.03101758461701129,192
0.010477304458618164,0.000504474248537645,0.0018274188041687012,0.00021682792658380616,0.9,2.0,60,2,4,0.03,0.4,1.0,"{'subsample': 0.9, 'reg_lambda': 2, 'n_estimators': 60, 'min_child_weight': 2, 'max_depth': 4, 'learning_rate': 0.03, 'gamma': 0.4, 'colsample_bytree': 1.0}",-0.06271710268656412,-0.1528279587427775,-0.08656251303354899,-0.10175725094477339,-0.100966206351916,0.03301790205710881,193
0.004346489906311035,7.808572454922953e-05,0.0016650557518005371,0.00012281674098157637,0.6,1.5,10,1,6,0.03,0.4,1.0,"{'subsample': 0.6, 'reg_lambda': 1.5, 'n_estimators': 10, 'min_child_weight': 1, 'max_depth': 6, 'learning_rate': 0.03, 'gamma': 0.4, 'colsample_bytree': 1.0}",-0.06209667793909709,-0.15259295749664306,-0.08680820337931315,-0.1023956762949626,-0.10097337877750398,0.03308569894799739,194
0.0043762922286987305,7.236750122755254e-05,0.0014919638633728027,7.544118706947251e-05,0.9,1.5,10,4,6,0.3,0.6,0.6,"{'subsample': 0.9, 'reg_lambda': 1.5, 'n_estimators': 10, 'min_child_weight': 4, 'max_depth': 6, 'learning_rate': 0.3, 'gamma': 0.6, 'colsample_bytree': 0.6}",-0.06794323794047037,-0.15387926546732583,-0.08603105815251667,-0.09605761639277144,-0.10097779448827107,0.03216154783914951,195
0.013647794723510742,0.00958540567309717,0.003936171531677246,0.0037261517653991235,0.9,1.5,20,1,3,0.03,0.4,1.0,"{'subsample': 0.9, 'reg_lambda': 1.5, 'n_estimators': 20, 'min_child_weight': 1, 'max_depth': 3, 'learning_rate': 0.03, 'gamma': 0.4, 'colsample_bytree': 1.0}",-0.06316503159205118,-0.15297514247894287,-0.08660588534673054,-0.10148533455530806,-0.10105784849325816,0.03294052584062013,196
0.014734745025634766,0.005145512061983517,0.002522706985473633,0.0018546124669197015,0.8,1.5,60,1,8,0.1,0.1,1.0,"{'subsample': 0.8, 'reg_lambda': 1.5, 'n_estimators': 60, 'min_child_weight': 1, 'max_depth': 8, 'learning_rate': 0.1, 'gamma': 0.1, 'colsample_bytree': 1.0}",-0.06256987921396891,-0.15249105342229205,-0.08623917770385742,-0.10428383223215743,-0.10139598564306895,0.03300091277766216,197
0.008430659770965576,0.0025789375969988335,0.0025046467781066895,0.0009741970936485269,0.8,1.0,20,1,6,0.3,0.1,1.0,"{'subsample': 0.8, 'reg_lambda': 1, 'n_estimators': 20, 'min_child_weight': 1, 'max_depth': 6, 'learning_rate': 0.3, 'gamma': 0.1, 'colsample_bytree': 1.0}",-0.06851764790217081,-0.15352400191624957,-0.08562207094828288,-0.09960617891947432,-0.1018174749215444,0.0318183294393353,198
0.005275309085845947,7.754257322154358e-05,0.001490771770477295,3.815530708283175e-05,0.8,1.0,20,2,2,0.3,0.1,1.0,"{'subsample': 0.8, 'reg_lambda': 1, 'n_estimators': 20, 'min_child_weight': 2, 'max_depth': 2, 'learning_rate': 0.3, 'gamma': 0.1, 'colsample_bytree': 1.0}",-0.06851764790217081,-0.15352400191624957,-0.08562207094828288,-0.09960617891947432,-0.1018174749215444,0.0318183294393353,198
0.1759728193283081,0.03369859908208541,0.006313502788543701,0.002270979194893025,0.8,1.0,500,2,8,0.3,0.0,0.8,"{'subsample': 0.8, 'reg_lambda': 1, 'n_estimators': 500, 'min_child_weight': 2, 'max_depth': 8, 'learning_rate': 0.3, 'gamma': 0, 'colsample_bytree': 0.8}",-0.09575604240099593,-0.1290166480541229,-0.07180178038279215,-0.11459111444155379,-0.1027913963198662,0.02142924215276601,200
