HJGM,CP180233.1,100,1457,0,0,1,1457,99824,101280,0,2691
HJGM,CP180233.1,100,1457,0,0,1,1457,595682,597138,0,2691
HJGM,CP180233.1,99.931,1457,1,0,1,1457,32966,34422,0,2686
HJGM,CP180233.1,99.931,1457,1,0,1,1457,93248,94704,0,2686
HJGM,CP180233.1,99.931,1457,1,0,1,1457,166902,168358,0,2686
HJGM,CP180233.1,99.931,1457,1,0,1,1457,2752333,2750877,0,2686
HJGM,CP180233.1,99.863,1457,2,0,1,1457,9632,11088,0,2680
HJGM,CP180233.1,99.794,1457,3,0,1,1457,864819,866275,0,2675
HJGM,PQ849187.1,100,1457,0,0,1,1457,18,1474,0,2691
HJGM,PZ070939.1,100,1457,0,0,1,1457,14,1470,0,2691
HJGM,PQ346053.1,100,1457,0,0,1,1457,4,1460,0,2691
HJGM,OR964096.1,100,1457,0,0,1,1457,12,1468,0,2691
HJGM,CP136643.1,100,1457,0,0,1,1457,32839,34295,0,2691
HJGM,CP136643.1,100,1457,0,0,1,1457,166935,168391,0,2691
HJGM,CP136643.1,100,1457,0,0,1,1457,598158,599614,0,2691
HJGM,CP136643.1,100,1457,0,0,1,1457,2799503,2798047,0,2691
HJGM,CP136643.1,99.931,1457,1,0,1,1457,9537,10993,0,2686
HJGM,CP136643.1,99.931,1457,1,0,1,1457,93264,94720,0,2686
HJGM,CP136643.1,99.931,1457,1,0,1,1457,99850,101306,0,2686
HJGM,CP136643.1,99.931,1457,1,0,1,1457,904094,905550,0,2686
HJGM,OR362817.1,100,1457,0,0,1,1457,13,1469,0,2691
HJGM,OR342733.1,100,1457,0,0,1,1457,32,1488,0,2691
HJGM,CP139114.1,100,1457,0,0,1,1457,2219043,2217587,0,2691
HJGM,CP139114.1,100,1457,0,0,1,1457,2647382,2645926,0,2691
HJGM,CP139114.1,100,1457,0,0,1,1457,2721047,2719591,0,2691
HJGM,CP139114.1,100,1457,0,0,1,1457,2782829,2781373,0,2691
HJGM,CP139114.1,100,1457,0,0,1,1457,2816251,2814795,0,2691
HJGM,CP139114.1,99.931,1457,1,0,1,1457,202,1658,0,2686
HJGM,CP139114.1,99.931,1457,1,0,1,1457,1939589,1938133,0,2686
HJGM,CP139114.1,99.931,1457,1,0,1,1457,2714458,2713002,0,2686
HJGM,CP126086.1,100,1457,0,0,1,1457,9548,11004,0,2691
HJGM,CP126086.1,100,1457,0,0,1,1457,32883,34339,0,2691
HJGM,CP126086.1,100,1457,0,0,1,1457,93161,94617,0,2691
HJGM,CP126086.1,100,1457,0,0,1,1457,99751,101207,0,2691
HJGM,CP126086.1,100,1457,0,0,1,1457,167321,168777,0,2691
HJGM,CP126086.1,100,1457,0,0,1,1457,610146,611602,0,2691
HJGM,CP126086.1,100,1457,0,0,1,1457,890742,892198,0,2691
HJGM,CP126086.1,100,1457,0,0,1,1457,2781260,2779804,0,2691
HJGM,OQ255851.1,100,1457,0,0,1,1457,20,1476,0,2691
HJGM,CP085389.1,100,1457,0,0,1,1457,887113,888569,0,2691
HJGM,CP085389.1,99.863,1459,0,2,1,1457,32879,34337,0,2682
HJGM,CP085389.1,99.863,1458,1,1,1,1457,170469,171926,0,2680
HJGM,CP085389.1,99.863,1457,1,1,1,1457,607218,608673,0,2678
HJGM,CP085389.1,99.658,1462,0,5,1,1457,9535,10996,0,2667
HJGM,CP085389.1,99.657,1459,2,3,1,1457,93158,94615,0,2663
HJGM,CP085389.1,99.657,1459,2,3,1,1457,99743,101200,0,2663
HJGM,CP085389.1,99.59,1462,1,5,1,1457,2774880,2773419,0,2662
HJGM,PQ596424.1,100,1457,0,0,1,1457,24,1480,0,2691
HJGM,MT328683.1,100,1457,0,0,1,1457,21,1477,0,2691
HJGM,ON763232.1,100,1457,0,0,1,1457,32,1488,0,2691
HJGM,MN853778.1,100,1457,0,0,1,1457,18,1474,0,2691
HJGM,CP043559.1,100,1457,0,0,1,1457,62438,63894,0,2691
HJGM,CP043559.1,100,1457,0,0,1,1457,507619,509075,0,2691
HJGM,CP043559.1,100,1457,0,0,1,1457,827790,829246,0,2691
HJGM,CP043559.1,100,1457,0,0,1,1457,2801315,2799859,0,2691
HJGM,CP043559.1,100,1457,0,0,1,1457,3778469,3779925,0,2691
HJGM,CP043559.1,100,1457,0,0,1,1457,3801642,3803098,0,2691
HJGM,CP043559.1,100,1457,0,0,1,1457,3862067,3863523,0,2691
HJGM,OK605832.1,100,1457,0,0,1,1457,22,1478,0,2691
HJGM,OR604299.1,100,1457,0,0,1,1457,13,1469,0,2691
HJGM,CP152048.1,100,1457,0,0,1,1457,571271,569815,0,2691
HJGM,CP152048.1,100,1457,0,0,1,1457,1630512,1631968,0,2691
HJGM,CP152048.1,100,1457,0,0,1,1457,1637104,1638560,0,2691
HJGM,CP152048.1,100,1457,0,0,1,1457,2132084,2133540,0,2691
HJGM,CP152048.1,100,1457,0,0,1,1457,2414823,2416279,0,2691
HJGM,CP152048.1,99.931,1457,1,0,1,1457,1546913,1548369,0,2686
HJGM,CP152048.1,99.931,1457,1,0,1,1457,1570087,1571543,0,2686
HJGM,CP152048.1,99.931,1457,1,0,1,1457,1704183,1705639,0,2686
HJGM,CP031774.1,100,1457,0,0,1,1457,3735205,3736661,0,2691
HJGM,CP031774.1,100,43,0,0,1,43,948454,948412,8.10e-10,80.5
HJGM,CP031774.1,100,43,0,0,1,43,3163571,3163613,8.10e-10,80.5
HJGM,CP031774.1,100,43,0,0,1,43,3362718,3362760,8.10e-10,80.5
HJGM,CP031774.1,100,43,0,0,1,43,3423235,3423193,8.10e-10,80.5
HJGM,CP031774.1,100,43,0,0,1,43,3591335,3591377,8.10e-10,80.5
HJGM,CP031774.1,100,43,0,0,1,43,3656527,3656569,8.10e-10,80.5
HJGM,CP031774.1,100,43,0,0,1,43,3656712,3656670,8.10e-10,80.5
HJGM,CP074101.1,100,1457,0,0,1,1457,1029848,1028392,0,2691
HJGM,CP074101.1,100,1457,0,0,1,1457,1724516,1723060,0,2691
HJGM,CP074101.1,100,1457,0,0,1,1457,1811398,1809942,0,2691
HJGM,CP074101.1,100,1457,0,0,1,1457,1871828,1870372,0,2691
HJGM,CP074101.1,99.931,1457,1,0,1,1457,2873737,2875193,0,2686
HJGM,CP074101.1,99.931,1457,0,1,1,1457,1309349,1307894,0,2684
HJGM,CP074101.1,99.931,1457,0,1,1,1457,1804810,1803355,0,2684
HJGM,CP074101.1,99.863,1457,1,1,1,1457,1895156,1893701,0,2678
HJGM,LC830692.1,100,1457,0,0,1,1457,33,1489,0,2691
HJGM,MH475934.1,100,1457,0,0,1,1457,32,1488,0,2691
HJGM,MG694526.1,100,1457,0,0,1,1457,12,1468,0,2691
HJGM,MH169240.1,100,1457,0,0,1,1457,28,1484,0,2691
HJGM,MG461669.1,100,1457,0,0,1,1457,18,1474,0,2691
HJGM,PP581749.1,100,1457,0,0,1,1457,14,1470,0,2691
HJGM,PX410381.1,100,1457,0,0,1,1457,15,1471,0,2691
HJGM,CP024204.1,100,1457,0,0,1,1457,32703,34159,0,2691
HJGM,CP024204.1,100,1457,0,0,1,1457,172772,174228,0,2691
HJGM,CP024204.1,100,1457,0,0,1,1457,880791,882247,0,2691
HJGM,CP024204.1,99.931,1457,1,0,1,1457,93091,94547,0,2686
HJGM,CP024204.1,99.931,1457,1,0,1,1457,606398,607854,0,2686
HJGM,CP024204.1,99.931,1457,1,0,1,1457,2741461,2740005,0,2686
HJGM,CP024204.1,99.931,1457,0,1,1,1457,9537,10992,0,2684
HJGM,CP024204.1,99.863,1457,2,0,1,1457,99706,101162,0,2680
HJGM,CP163562.1,100,1457,0,0,1,1457,99614,101070,0,2691
HJGM,CP163562.1,100,1457,0,0,1,1457,583860,585316,0,2691
HJGM,CP163562.1,99.931,1457,1,0,1,1457,9545,11001,0,2686
HJGM,CP163562.1,99.931,1457,1,0,1,1457,32720,34176,0,2686
HJGM,CP163562.1,99.931,1457,1,0,1,1457,92994,94450,0,2686
HJGM,CP163562.1,99.931,1457,1,0,1,1457,166691,168147,0,2686
HJGM,CP163562.1,99.931,1457,1,0,1,1457,917034,918490,0,2686
HJGM,CP163562.1,99.931,1457,1,0,1,1457,2784411,2782955,0,2686
HJGM,LC873069.1,100,1457,0,0,1,1457,24,1480,0,2691
HJGM,MF425586.1,100,1457,0,0,1,1457,38,1494,0,2691
HJGM,MF370070.1,100,1457,0,0,1,1457,29,1485,0,2691
HJGM,MK691433.1,100,1457,0,0,1,1457,31,1487,0,2691
HJGM,KY697809.1,100,1457,0,0,1,1457,17,1473,0,2691
HJGM,MZ461640.1,100,1457,0,0,1,1457,29,1485,0,2691
HJGM,PQ135773.1,100,1457,0,0,1,1457,15,1471,0,2691
HJGM,KY697694.1,100,1457,0,0,1,1457,15,1471,0,2691
HJGM,OK649237.1,100,1457,0,0,1,1457,34,1490,0,2691
HJGM,MZ461648.1,100,1457,0,0,1,1457,30,1486,0,2691
HJGM,CP151988.1,100,1457,0,0,1,1457,9537,10993,0,2691
HJGM,CP151988.1,100,1457,0,0,1,1457,32872,34328,0,2691
HJGM,CP151988.1,100,1457,0,0,1,1457,93270,94726,0,2691
HJGM,CP151988.1,100,1457,0,0,1,1457,99855,101311,0,2691
HJGM,CP151988.1,100,1457,0,0,1,1457,166932,168388,0,2691
HJGM,CP151988.1,100,1457,0,0,1,1457,604036,605492,0,2691
HJGM,CP151988.1,100,1457,0,0,1,1457,883285,884741,0,2691
HJGM,CP151988.1,100,1457,0,0,1,1457,2760103,2758647,0,2691
HJGM,MT133332.1,100,1457,0,0,1,1457,36,1492,0,2691
HJGM,CP101399.1,100,1457,0,0,1,1457,948713,947257,0,2691
HJGM,CP101399.1,100,1457,0,0,1,1457,2067198,2068654,0,2691
HJGM,CP101399.1,100,1457,0,0,1,1457,2848101,2849557,0,2691
HJGM,CP101399.1,99.931,1457,1,0,1,1457,1909959,1911415,0,2686
HJGM,CP101399.1,99.931,1457,1,0,1,1457,1933263,1934719,0,2686
HJGM,CP101399.1,99.931,1457,1,0,1,1457,1993542,1994998,0,2686
HJGM,CP101399.1,99.931,1457,1,0,1,1457,2000115,2001571,0,2686
HJGM,CP101399.1,99.863,1457,2,0,1,1457,2493499,2494955,0,2680
HJGM,PV834220.1,100,1457,0,0,1,1457,16,1472,0,2691
HJGM,KY427112.1,100,1457,0,0,1,1457,31,1487,0,2691
HJGM,CP152041.1,100,1457,0,0,1,1457,93146,94602,0,2691
HJGM,CP152041.1,100,1457,0,0,1,1457,99738,101194,0,2691
HJGM,CP152041.1,100,1457,0,0,1,1457,594718,596174,0,2691
HJGM,CP152041.1,100,1457,0,0,1,1457,877457,878913,0,2691
HJGM,CP152041.1,100,1457,0,0,1,1457,2757196,2755740,0,2691
HJGM,CP152041.1,99.931,1457,1,0,1,1457,9547,11003,0,2686
HJGM,CP152041.1,99.931,1457,1,0,1,1457,32721,34177,0,2686
HJGM,CP152041.1,99.931,1457,1,0,1,1457,166817,168273,0,2686
HJGM,OM280093.1,100,1457,0,0,1,1457,16,1472,0,2691
HJGM,CP157353.1,100,1457,0,0,1,1457,9536,10992,0,2691
HJGM,CP157353.1,100,1457,0,0,1,1457,32710,34166,0,2691
HJGM,CP157353.1,100,1457,0,0,1,1457,93144,94600,0,2691
HJGM,CP157353.1,100,1457,0,0,1,1457,99720,101176,0,2691
HJGM,CP157353.1,100,1457,0,0,1,1457,166805,168261,0,2691
HJGM,CP157353.1,100,1457,0,0,1,1457,568284,569740,0,2691
HJGM,CP157353.1,100,1457,0,0,1,1457,847684,849140,0,2691
HJGM,CP157353.1,100,1457,0,0,1,1457,2733991,2732535,0,2691
HJGM,KR085933.1,100,1457,0,0,1,1457,21,1477,0,2691
HJGM,KM888111.1,100,1457,0,0,1,1457,30,1486,0,2691
HJGM,KP119611.1,100,1457,0,0,1,1457,15,1471,0,2691
HJGM,CP040514.1,100,1457,0,0,1,1457,9645,11101,0,2691
HJGM,CP040514.1,100,1457,0,0,1,1457,660889,662345,0,2691
HJGM,CP040514.1,99.931,1457,1,0,1,1457,32821,34277,0,2686
HJGM,CP040514.1,99.931,1457,1,0,1,1457,94801,96257,0,2686
HJGM,CP040514.1,99.931,1457,1,0,1,1457,101393,102849,0,2686
HJGM,CP040514.1,99.931,1457,1,0,1,1457,167367,168823,0,2686
HJGM,CP040514.1,99.931,1457,1,0,1,1457,938452,939908,0,2686
HJGM,CP040514.1,99.931,1457,1,0,1,1457,2876260,2874804,0,2686
HJGM,CP012482.1,100,1457,0,0,1,1457,60115,58659,0,2691
HJGM,CP012482.1,100,1457,0,0,1,1457,83271,81815,0,2691
HJGM,CP012482.1,100,1457,0,0,1,1457,1100026,1101482,0,2691
HJGM,CP012482.1,100,1457,0,0,1,1457,3037784,3036328,0,2691
HJGM,CP012482.1,100,1457,0,0,1,1457,3317835,3316379,0,2691
HJGM,CP012482.1,100,1457,0,0,1,1457,3726699,3725243,0,2691
HJGM,MH371776.1,100,1457,0,0,1,1457,20,1476,0,2691
HJGM,KJ575038.1,100,1457,0,0,1,1457,15,1471,0,2691
HJGM,CP040747.1,100,1457,0,0,1,1457,92830,94286,0,2691
HJGM,CP040747.1,100,1457,0,0,1,1457,158795,160251,0,2691
HJGM,CP040747.1,100,1457,0,0,1,1457,586458,587914,0,2691
HJGM,CP040747.1,100,1457,0,0,1,1457,896738,898194,0,2691
HJGM,CP040747.1,99.931,1457,1,0,1,1457,32737,34193,0,2686
HJGM,CP040747.1,99.931,1457,1,0,1,1457,2736848,2735392,0,2686
HJGM,CP040747.1,99.931,1457,0,1,1,1457,9565,11020,0,2684
HJGM,OR604498.1,100,1457,0,0,1,1457,18,1474,0,2691
HJGM,MZ328876.1,100,1457,0,0,1,1457,35,1491,0,2691
HJGM,CP152000.1,100,1457,0,0,1,1457,9546,11002,0,2691
HJGM,CP152000.1,100,1457,0,0,1,1457,93148,94604,0,2691
HJGM,CP152000.1,100,1457,0,0,1,1457,99738,101194,0,2691
HJGM,CP152000.1,99.931,1457,1,0,1,1457,32720,34176,0,2686
HJGM,CP152000.1,99.931,1457,1,0,1,1457,166815,168271,0,2686
HJGM,CP152000.1,99.931,1457,1,0,1,1457,605702,607158,0,2686
HJGM,CP152000.1,99.931,1457,1,0,1,1457,874916,876372,0,2686
HJGM,CP152000.1,99.931,1457,1,0,1,1457,2790350,2788894,0,2686
HJGM,PZ419484.1,100,1457,0,0,1,1457,5,1461,0,2691
HJGM,MT184824.1,100,1457,0,0,1,1457,2,1458,0,2691
HJGM,PX795504.1,100,1457,0,0,1,1457,17,1473,0,2691
HJGM,CP128109.1,100,1457,0,0,1,1457,94445,95901,0,2691
HJGM,CP128109.1,100,1457,0,0,1,1457,101009,102465,0,2691
HJGM,CP128109.1,100,1457,0,0,1,1457,665602,667058,0,2691
HJGM,CP128109.1,100,1457,0,0,1,1457,943248,944704,0,2691
HJGM,CP128109.1,100,1457,0,0,1,1457,2902608,2901152,0,2691
HJGM,CP128109.1,99.931,1457,1,0,1,1457,9549,11005,0,2686
HJGM,CP128109.1,99.931,1457,1,0,1,1457,32726,34182,0,2686
HJGM,CP128109.1,99.931,1457,1,0,1,1457,168872,170328,0,2686
HJGM,AP025264.1,100,1457,0,0,1,1457,9535,10991,0,2691
HJGM,AP025264.1,100,1457,0,0,1,1457,32708,34164,0,2691
HJGM,AP025264.1,100,1457,0,0,1,1457,93103,94559,0,2691
HJGM,AP025264.1,100,1457,0,0,1,1457,171390,172846,0,2691
HJGM,AP025264.1,100,1457,0,0,1,1457,875853,877309,0,2691
HJGM,AP025264.1,100,1457,0,0,1,1457,2747870,2746414,0,2691
HJGM,AP025264.1,99.931,1457,1,0,1,1457,99720,101176,0,2686
HJGM,AP025264.1,99.931,1457,1,0,1,1457,599333,600789,0,2686
HJGM,OR272012.1,100,1457,0,0,1,1457,36,1492,0,2691
HJGM,ON763237.1,100,1457,0,0,1,1457,32,1488,0,2691
HJGM,PX642317.1,100,1457,0,0,1,1457,8,1464,0,2691
HJGM,PP732276.1,100,1457,0,0,1,1457,15,1471,0,2691
HJGM,MK202349.1,100,1457,0,0,1,1457,35,1491,0,2691
HJGM,MZ234641.1,100,1457,0,0,1,1457,34,1490,0,2691
HJGM,KF687090.1,100,1457,0,0,1,1457,42,1498,0,2691
HJGM,KY928107.1,100,1457,0,0,1,1457,15,1471,0,2691
HJGM,KR085786.1,100,1457,0,0,1,1457,22,1478,0,2691
HJGM,CP151991.1,100,1457,0,0,1,1457,9545,11001,0,2691
HJGM,CP151991.1,100,1457,0,0,1,1457,166931,168387,0,2691
HJGM,CP151991.1,100,1457,0,0,1,1457,580162,581618,0,2691
HJGM,CP151991.1,100,1457,0,0,1,1457,868009,869465,0,2691
HJGM,CP151991.1,99.931,1457,1,0,1,1457,32849,34305,0,2686
HJGM,CP151991.1,99.931,1457,1,0,1,1457,93272,94728,0,2686
HJGM,CP151991.1,99.931,1457,1,0,1,1457,99848,101304,0,2686
HJGM,CP151991.1,99.931,1457,1,0,1,1457,2738692,2737236,0,2686
HJGM,CP133585.1,100,1457,0,0,1,1457,1670,214,0,2691
HJGM,CP133585.1,100,1457,0,0,1,1457,1065252,1066708,0,2691
HJGM,CP133585.1,100,1457,0,0,1,1457,2822084,2820628,0,2691
HJGM,CP133585.1,100,1457,0,0,1,1457,3059409,3057953,0,2691
HJGM,CP133585.1,100,1457,0,0,1,1457,3431317,3429861,0,2691
HJGM,CP133585.1,100,1457,0,0,1,1457,3502023,3500567,0,2691
HJGM,CP133585.1,99.931,1457,1,0,1,1457,61931,60475,0,2686
HJGM,CP133585.1,99.931,1457,1,0,1,1457,96999,95543,0,2686
HJGM,OQ449625.1,100,1457,0,0,1,1457,5,1461,0,2691
HJGM,KF475828.1,100,1457,0,0,1,1457,21,1477,0,2691
HJGM,OZ461323.1,100,1457,0,0,1,1457,9545,11001,0,2691
HJGM,OZ461323.1,100,1457,0,0,1,1457,32879,34335,0,2691
HJGM,OZ461323.1,100,1457,0,0,1,1457,93306,94762,0,2691
HJGM,OZ461323.1,100,1457,0,0,1,1457,99896,101352,0,2691
HJGM,OZ461323.1,100,1457,0,0,1,1457,167466,168922,0,2691
HJGM,OZ461323.1,100,1457,0,0,1,1457,605952,607408,0,2691
HJGM,OZ461323.1,100,1457,0,0,1,1457,888281,889737,0,2691
HJGM,OZ461323.1,100,1457,0,0,1,1457,2768271,2766815,0,2691
HJGM,OM280131.1,100,1457,0,0,1,1457,22,1478,0,2691
HJGM,KY754576.1,100,1457,0,0,1,1457,26,1482,0,2691
HJGM,CP126456.1,100,1457,0,0,1,1457,1686537,1687993,0,2691
HJGM,CP126456.1,100,1457,0,0,1,1457,1709871,1711327,0,2691
HJGM,CP126456.1,100,1457,0,0,1,1457,1850588,1852044,0,2691
HJGM,CP126456.1,100,1457,0,0,1,1457,2566130,2567586,0,2691
HJGM,CP126456.1,99.931,1457,1,0,1,1457,1776887,1778343,0,2686
HJGM,CP126456.1,99.931,1457,1,0,1,1457,2287185,2288641,0,2686
HJGM,CP126456.1,99.863,1457,2,0,1,1457,689698,688242,0,2680
HJGM,CP126456.1,99.863,1457,2,0,1,1457,1770298,1771754,0,2680
HJGM,CP075052.1,100,1457,0,0,1,1457,384437,382981,0,2691
HJGM,CP075052.1,99.931,1457,1,0,1,1457,456936,455480,0,2686
HJGM,CP075052.1,99.863,1457,2,0,1,1457,517365,515909,0,2680
HJGM,CP075052.1,99.863,1457,0,2,1,1457,540535,539081,0,2678
HJGM,CP075052.1,99.863,1457,0,2,1,1457,3410323,3408869,0,2678
HJGM,CP075052.1,99.863,1457,1,1,1,1457,3691596,3690141,0,2678
HJGM,CP075052.1,99.794,1457,1,2,1,1457,1506381,1507835,0,2673
HJGM,CP075052.1,99.725,1457,4,0,1,1457,450346,448890,0,2669
HJGM,CP181358.1,100,1457,0,0,1,1457,9547,11003,0,2691
HJGM,CP181358.1,100,1457,0,0,1,1457,32720,34176,0,2691
HJGM,CP181358.1,100,1457,0,0,1,1457,99586,101042,0,2691
HJGM,CP181358.1,100,1457,0,0,1,1457,602366,603822,0,2691
HJGM,CP181358.1,99.931,1457,1,0,1,1457,92995,94451,0,2686
HJGM,CP181358.1,99.931,1457,1,0,1,1457,167915,169371,0,2686
HJGM,CP181358.1,99.931,1457,1,0,1,1457,894947,896403,0,2686
HJGM,CP181358.1,99.931,1457,1,0,1,1457,2946541,2945085,0,2686
HJGM,PP989389.1,100,1457,0,0,1,1457,6,1462,0,2691
HJGM,OZ412652.1,100,1457,0,0,1,1457,9550,11006,0,2691
HJGM,OZ412652.1,100,1457,0,0,1,1457,34297,35753,0,2691
HJGM,OZ412652.1,100,1457,0,0,1,1457,94725,96181,0,2691
HJGM,OZ412652.1,100,1457,0,0,1,1457,101314,102770,0,2691
HJGM,OZ412652.1,100,1457,0,0,1,1457,167278,168734,0,2691
HJGM,OZ412652.1,100,1457,0,0,1,1457,609513,610969,0,2691
HJGM,OZ412652.1,100,1457,0,0,1,1457,891074,892530,0,2691
HJGM,OZ412652.1,100,1457,0,0,1,1457,2856969,2855513,0,2691
HJGM,PP563729.1,100,1457,0,0,1,1457,11,1467,0,2691
HJGM,CP065591.1,100,1457,0,0,1,1457,9534,10990,0,2691
HJGM,CP065591.1,100,1457,0,0,1,1457,32868,34324,0,2691
HJGM,CP065591.1,100,1457,0,0,1,1457,93299,94755,0,2691
HJGM,CP065591.1,100,1457,0,0,1,1457,99873,101329,0,2691
HJGM,CP065591.1,100,1457,0,0,1,1457,165837,167293,0,2691
HJGM,CP065591.1,100,1457,0,0,1,1457,596554,598010,0,2691
HJGM,CP065591.1,100,1457,0,0,1,1457,876203,877659,0,2691
HJGM,CP065591.1,100,1457,0,0,1,1457,2780917,2779461,0,2691
HJGM,CP151992.1,100,1457,0,0,1,1457,9550,11006,0,2691
HJGM,CP151992.1,100,1457,0,0,1,1457,32727,34183,0,2691
HJGM,CP151992.1,100,1457,0,0,1,1457,617009,618465,0,2691
HJGM,CP151992.1,99.931,1457,1,0,1,1457,94680,96136,0,2686
HJGM,CP151992.1,99.931,1457,1,0,1,1457,101271,102727,0,2686
HJGM,CP151992.1,99.931,1457,1,0,1,1457,168352,169808,0,2686
HJGM,CP151992.1,99.931,1457,1,0,1,1457,893342,894798,0,2686
HJGM,CP151992.1,99.931,1457,1,0,1,1457,2725828,2724372,0,2686
HJGM,CP072851.1,100,1457,0,0,1,1457,9646,11102,0,2691
HJGM,CP072851.1,100,1457,0,0,1,1457,93376,94832,0,2691
HJGM,CP072851.1,100,1457,0,0,1,1457,99961,101417,0,2691
HJGM,CP072851.1,100,1457,0,0,1,1457,574380,575836,0,2691
HJGM,CP072851.1,100,1457,0,0,1,1457,859412,860868,0,2691
HJGM,CP072851.1,100,1457,0,0,1,1457,2821932,2820476,0,2691
HJGM,CP072851.1,99.931,1457,1,0,1,1457,167036,168492,0,2686
HJGM,CP072851.1,99.863,1457,2,0,1,1457,32978,34434,0,2680
HJGM,CP054136.1,100,1457,0,0,1,1457,94725,96181,0,2691
HJGM,CP054136.1,100,1457,0,0,1,1457,101314,102770,0,2691
HJGM,CP054136.1,100,1457,0,0,1,1457,167278,168734,0,2691
HJGM,CP054136.1,100,1457,0,0,1,1457,607940,609396,0,2691
HJGM,CP054136.1,99.931,1457,1,0,1,1457,9550,11006,0,2686
HJGM,CP054136.1,99.931,1457,1,0,1,1457,34297,35753,0,2686
HJGM,CP054136.1,99.931,1457,1,0,1,1457,2830278,2828822,0,2686
HJGM,CP054136.1,99.863,1457,2,0,1,1457,889839,891295,0,2680
HJGM,KC953597.1,100,1457,0,0,1,1457,1,1457,0,2691
HJGM,PP732277.1,100,1457,0,0,1,1457,5,1461,0,2691
HJGM,KC466132.1,100,1457,0,0,1,1457,43,1499,0,2691
HJGM,MH538126.1,100,1457,0,0,1,1457,9,1465,0,2691
HJGM,MF471479.1,100,1457,0,0,1,1457,9,1465,0,2691
HJGM,HF586420.1,100,1457,0,0,1,1457,20,1476,0,2691
HJGM,KX382961.1,100,1457,0,0,1,1457,21,1477,0,2691
HJGM,MK129304.1,100,1457,0,0,1,1457,14,1470,0,2691
HJGM,OM250496.1,100,1457,0,0,1,1457,18,1474,0,2691
