JYRM,PX600051.1,99.800,1498,2,1,1,1497,1,1498,0.0,2748
JYRM,MH144236.1,99.866,1494,2,0,1,1494,5,1498,0.0,2748
JYRM,KC250230.1,99.733,1499,4,0,1,1499,12,1510,0.0,2747
JYRM,PZ231211.1,99.799,1496,2,1,3,1497,15,1510,0.0,2745
JYRM,PX559144.1,99.733,1497,4,0,1,1497,1,1497,0.0,2743
JYRM,PX376076.1,99.799,1494,3,0,1,1494,4,1497,0.0,2743
JYRM,PP218099.1,99.733,1497,4,0,1,1497,14,1510,0.0,2743
JYRM,OR144475.1,99.733,1498,3,1,1,1497,57,1554,0.0,2743
JYRM,ON715116.1,99.733,1498,2,2,1,1497,14,1510,0.0,2743
JYRM,OM585548.1,99.733,1498,2,2,1,1497,15,1511,0.0,2743
JYRM,OL354421.1,99.733,1498,2,2,1,1497,15,1511,0.0,2743
JYRM,PX559122.1,99.733,1497,4,0,1,1497,12,1508,0.0,2743
JYRM,MW065484.1,99.733,1498,2,2,1,1497,2,1498,0.0,2743
JYRM,MF974592.1,99.733,1498,3,1,1,1497,8,1505,0.0,2743
JYRM,KT273284.1,99.733,1498,2,2,1,1497,14,1510,0.0,2743
JYRM,MK182805.1,99.733,1497,4,0,1,1497,21,1517,0.0,2743
JYRM,PX559120.1,99.733,1497,4,0,1,1497,1,1497,0.0,2743
JYRM,KJ721207.1,99.733,1498,2,2,1,1497,17,1513,0.0,2743
JYRM,LM655314.1,99.667,1500,5,0,1,1500,11,1510,0.0,2743
JYRM,KF956595.1,99.733,1498,2,2,1,1496,13,1510,0.0,2743
JYRM,KF956591.1,99.799,1495,1,2,1,1493,13,1507,0.0,2743
JYRM,KF956578.1,99.799,1495,1,2,1,1493,3,1497,0.0,2743
JYRM,OR964095.1,99.733,1498,2,2,1,1497,13,1509,0.0,2743
JYRM,FM164631.1,99.733,1498,2,2,1,1497,5,1501,0.0,2743
JYRM,DQ789400.1,99.733,1498,2,2,1,1497,15,1511,0.0,2743
JYRM,MN509794.1,99.799,1495,2,1,1,1494,19,1513,0.0,2743
JYRM,AY030338.1,99.733,1498,2,2,1,1497,18,1514,0.0,2743
JYRM,OZ461330.1,99.799,1494,2,1,1,1493,36112,34619,0.0,2741
JYRM,CP120608.2,99.799,1494,2,1,1,1493,9196,10689,0.0,2741
JYRM,CP120608.2,99.799,1494,2,1,1,1493,90198,91691,0.0,2741
JYRM,CP120608.2,99.799,1494,2,1,1,1493,598823,600316,0.0,2741
JYRM,CP120608.2,99.799,1494,2,1,1,1493,4931131,4929638,0.0,2741
JYRM,CP120608.2,99.732,1494,3,1,1,1493,154112,155605,0.0,2736
JYRM,CP120608.2,99.732,1494,3,1,1,1493,210670,212163,0.0,2736
JYRM,CP120608.2,99.732,1494,3,1,1,1493,251503,252996,0.0,2736
JYRM,CP120608.2,99.732,1494,3,1,1,1493,415364,416857,0.0,2736
JYRM,CP120608.2,99.665,1494,4,1,1,1493,29865,31358,0.0,2730
JYRM,CP120608.2,99.665,1494,4,1,1,1493,246449,247942,0.0,2730
JYRM,CP120608.2,99.665,1494,4,1,1,1493,457023,458516,0.0,2730
JYRM,CP120608.2,99.665,1494,4,1,1,1493,2927036,2925543,0.0,2730
JYRM,CP120608.2,99.598,1494,5,1,1,1493,35800,37293,0.0,2724
JYRM,CP183479.1,99.799,1494,2,1,1,1493,5141092,5142585,0.0,2741
JYRM,CP183479.1,99.799,1494,2,1,1,1493,5146159,5147652,0.0,2741
JYRM,CP183479.1,99.732,1494,3,1,1,1493,4541511,4540018,0.0,2736
JYRM,CP183479.1,99.665,1494,4,1,1,1493,194861,196354,0.0,2730
JYRM,CP183479.1,99.665,1494,4,1,1,1493,337343,338836,0.0,2730
JYRM,CP183479.1,99.665,1494,4,1,1,1493,4936831,4938324,0.0,2730
JYRM,CP183479.1,99.665,1494,4,1,1,1493,5060736,5062229,0.0,2730
JYRM,CP183479.1,99.665,1494,4,1,1,1493,5117269,5118762,0.0,2730
JYRM,CP183479.1,99.598,1494,5,1,1,1493,4942766,4944259,0.0,2724
JYRM,CP183479.1,99.531,1494,6,1,1,1493,153060,154553,0.0,2719
JYRM,CP183479.1,99.531,1494,6,1,1,1493,4996854,4998347,0.0,2719
JYRM,CP183479.1,99.398,1494,8,1,1,1493,4916164,4917657,0.0,2708
JYRM,CP187670.1,99.799,1494,2,1,1,1493,41746,40253,0.0,2741
JYRM,CP185256.1,99.799,1494,2,1,1,1493,234371,235864,0.0,2741
JYRM,CP185256.1,99.799,1494,2,1,1,1493,407562,409055,0.0,2741
JYRM,CP185256.1,99.732,1494,3,1,1,1493,29893,31386,0.0,2736
JYRM,CP185256.1,99.732,1494,3,1,1,1493,35831,37324,0.0,2736
JYRM,CP185256.1,99.732,1494,3,1,1,1493,239437,240930,0.0,2736
JYRM,CP185256.1,99.665,1494,4,1,1,1493,153802,155295,0.0,2730
JYRM,CP185256.1,99.665,1494,4,1,1,1493,210550,212043,0.0,2730
JYRM,CP185256.1,99.665,1494,4,1,1,1493,453173,454666,0.0,2730
JYRM,CP185256.1,99.665,1494,4,1,1,1493,596382,597875,0.0,2730
JYRM,CP185256.1,99.665,1494,4,1,1,1493,4697178,4695685,0.0,2730
JYRM,CP185256.1,99.598,1494,5,1,1,1493,9226,10719,0.0,2724
JYRM,CP185256.1,99.465,1494,7,1,1,1493,89921,91414,0.0,2713
JYRM,CP185256.1,99.399,1497,5,2,1,1493,244502,245998,0.0,2712
JYRM,AP050808.1,99.799,1494,2,1,1,1493,234317,235810,0.0,2741
JYRM,AP050808.1,99.799,1494,2,1,1,1493,244426,245919,0.0,2741
JYRM,AP050808.1,99.799,1494,2,1,1,1493,406880,408373,0.0,2741
JYRM,AP050808.1,99.799,1494,2,1,1,1493,4680499,4679006,0.0,2741
JYRM,AP050808.1,99.732,1494,3,1,1,1493,35796,37289,0.0,2736
JYRM,AP050808.1,99.732,1494,3,1,1,1493,89904,91397,0.0,2736
JYRM,AP050808.1,99.732,1494,3,1,1,1493,153784,155277,0.0,2736
JYRM,AP050808.1,99.732,1494,3,1,1,1493,210497,211990,0.0,2736
JYRM,AP050808.1,99.732,1494,3,1,1,1493,239371,240864,0.0,2736
JYRM,AP050808.1,99.732,1494,3,1,1,1493,452277,453770,0.0,2736
JYRM,AP050808.1,99.665,1494,4,1,1,1493,9194,10687,0.0,2730
JYRM,AP050808.1,99.665,1494,4,1,1,1493,597839,599332,0.0,2730
JYRM,AP050808.1,99.665,1494,4,1,1,1493,2743696,2742203,0.0,2730
JYRM,AP050808.1,99.598,1494,5,1,1,1493,29861,31354,0.0,2724
JYRM,CP194354.1,99.799,1494,2,1,1,1493,77561,79054,0.0,2741
JYRM,CP028043.1,99.799,1494,2,1,1,1493,234119,235612,0.0,2741
JYRM,CP028043.1,99.799,1494,2,1,1,1493,4712639,4711146,0.0,2741
JYRM,CP028043.1,99.732,1494,3,1,1,1493,239184,240677,0.0,2736
JYRM,CP028043.1,99.732,1494,3,1,1,1493,244248,245741,0.0,2736
JYRM,CP028043.1,99.665,1494,4,1,1,1493,9196,10689,0.0,2730
JYRM,CP028043.1,99.665,1494,4,1,1,1493,586707,588200,0.0,2730
JYRM,CP028043.1,99.598,1494,4,2,1,1493,153766,155258,0.0,2724
JYRM,CP028043.1,99.598,1494,5,1,1,1493,210297,211790,0.0,2724
JYRM,CP028043.1,99.598,1494,4,2,1,1493,444220,445712,0.0,2724
JYRM,CP028043.1,99.531,1494,6,1,1,1493,29863,31356,0.0,2719
JYRM,CP028043.1,99.531,1494,6,1,1,1493,35798,37291,0.0,2719
JYRM,CP028043.1,99.531,1494,6,1,1,1493,402418,403911,0.0,2719
JYRM,CP028043.1,99.465,1494,7,1,1,1493,89885,91378,0.0,2713
JYRM,CP130967.1,99.799,1494,2,1,1,1493,4343,2850,0.0,2741
JYRM,CP025621.1,99.799,1494,2,1,1,1493,238524,240017,0.0,2741
JYRM,CP025621.1,99.799,1494,2,1,1,1493,4688274,4686781,0.0,2741
JYRM,CP025621.1,99.732,1494,3,1,1,1493,29858,31351,0.0,2736
JYRM,CP025621.1,99.732,1494,2,2,1,1493,228395,229887,0.0,2736
JYRM,CP025621.1,99.732,1494,3,1,1,1493,233459,234952,0.0,2736
JYRM,CP025621.1,99.665,1494,4,1,1,1493,147821,149314,0.0,2730
JYRM,CP025621.1,99.665,1494,4,1,1,1493,401588,403081,0.0,2730
JYRM,CP025621.1,99.598,1494,5,1,1,1493,9197,10690,0.0,2724
JYRM,CP025621.1,99.598,1494,5,1,1,1493,83942,85435,0.0,2724
JYRM,CP025621.1,99.598,1494,4,2,1,1493,204575,206067,0.0,2724
JYRM,CP025621.1,99.598,1494,5,1,1,1493,447073,448566,0.0,2724
JYRM,CP025621.1,99.598,1494,5,1,1,1493,590405,591898,0.0,2724
JYRM,CP169254.1,99.799,1494,2,1,1,1493,29911,31404,0.0,2741
JYRM,CP169254.1,99.799,1494,2,1,1,1493,4928371,4926878,0.0,2741
JYRM,CP169254.1,99.732,1494,3,1,1,1493,9196,10689,0.0,2736
JYRM,CP169254.1,99.732,1494,3,1,1,1493,35846,37339,0.0,2736
JYRM,CP169254.1,99.665,1494,4,1,1,1493,154010,155503,0.0,2730
JYRM,CP169254.1,99.665,1494,4,1,1,1493,234410,235903,0.0,2730
JYRM,CP169254.1,99.665,1494,4,1,1,1493,239463,240956,0.0,2730
JYRM,CP169254.1,99.665,1494,4,1,1,1493,444048,445541,0.0,2730
JYRM,CP169254.1,99.665,1494,4,1,1,1493,585859,587352,0.0,2730
JYRM,CP169254.1,99.598,1494,5,1,1,1493,90128,91621,0.0,2724
JYRM,CP169254.1,99.598,1494,5,1,1,1493,210586,212079,0.0,2724
JYRM,CP169254.1,99.598,1494,5,1,1,1493,401901,403394,0.0,2724
JYRM,PP853560.1,99.866,1490,2,0,1,1490,2,1491,0.0,2741
JYRM,CP157504.1,99.799,1494,2,1,1,1493,9198,10691,0.0,2741
JYRM,CP157504.1,99.799,1494,2,1,1,1493,210664,212157,0.0,2741
JYRM,CP157504.1,99.799,1494,2,1,1,1493,244593,246086,0.0,2741
JYRM,CP157504.1,99.799,1494,2,1,1,1493,4980243,4978750,0.0,2741
JYRM,CP157504.1,99.732,1494,3,1,1,1493,234485,235978,0.0,2736
JYRM,CP157504.1,99.732,1494,3,1,1,1493,239539,241032,0.0,2736
JYRM,CP157504.1,99.732,1494,3,1,1,1493,408355,409848,0.0,2736
JYRM,CP157504.1,99.732,1494,3,1,1,1493,591773,593266,0.0,2736
JYRM,CP157504.1,99.665,1494,4,1,1,1493,29867,31360,0.0,2730
JYRM,CP157504.1,99.665,1494,4,1,1,1493,35802,37295,0.0,2730
JYRM,CP157504.1,99.665,1494,4,1,1,1493,2944557,2943064,0.0,2730
JYRM,CP157504.1,99.598,1494,5,1,1,1493,154114,155607,0.0,2724
JYRM,CP157504.1,99.598,1494,5,1,1,1493,450015,451508,0.0,2724
JYRM,CP157504.1,99.531,1494,6,1,1,1493,90200,91693,0.0,2719
JYRM,CP151780.1,99.799,1494,2,1,1,1493,30432,31925,0.0,2741
JYRM,CP151780.1,99.799,1494,2,1,1,1493,154356,155849,0.0,2741
JYRM,CP151780.1,99.799,1494,2,1,1,1493,407562,409055,0.0,2741
JYRM,CP151780.1,99.799,1494,2,1,1,1493,480968,482461,0.0,2741
JYRM,CP151780.1,99.799,1494,2,1,1,1493,626501,627994,0.0,2741
JYRM,CP151780.1,99.732,1494,3,1,1,1493,245058,246551,0.0,2736
JYRM,CP151780.1,99.732,1494,3,1,1,1493,4791621,4790128,0.0,2736
JYRM,CP151780.1,99.665,1494,4,1,1,1493,9764,11257,0.0,2730
JYRM,CP151780.1,99.665,1494,4,1,1,1493,36367,37860,0.0,2730
JYRM,CP151780.1,99.665,1494,4,1,1,1493,90474,91967,0.0,2730
JYRM,CP151780.1,99.665,1494,4,1,1,1493,240003,241496,0.0,2730
JYRM,CP151780.1,99.598,1494,5,1,1,1493,234947,236440,0.0,2724
JYRM,CP151780.1,99.598,1494,5,1,1,1493,2824473,2822980,0.0,2724
JYRM,CP151780.1,99.465,1495,5,3,1,1493,211131,212624,0.0,2713
JYRM,CP120609.2,99.799,1494,2,1,1,1493,154076,155569,0.0,2741
JYRM,CP120609.2,99.665,1494,4,1,1,1493,9196,10689,0.0,2730
JYRM,CP120609.2,99.665,1494,4,1,1,1493,35845,37338,0.0,2730
JYRM,CP120609.2,99.665,1494,4,1,1,1493,90192,91685,0.0,2730
JYRM,CP120609.2,99.665,1494,4,1,1,1493,210304,211797,0.0,2730
JYRM,CP120609.2,99.665,1494,4,1,1,1493,445535,447028,0.0,2730
JYRM,CP120609.2,99.665,1494,4,1,1,1493,4739928,4738435,0.0,2730
JYRM,CP120609.2,99.598,1494,5,1,1,1493,29908,31401,0.0,2724
JYRM,CP120609.2,99.598,1494,5,1,1,1493,239182,240675,0.0,2724
JYRM,CP120609.2,99.531,1494,6,1,1,1493,234128,235621,0.0,2719
JYRM,CP120609.2,99.531,1494,6,1,1,1493,403889,405382,0.0,2719
JYRM,CP120609.2,99.531,1494,6,1,1,1493,589085,590578,0.0,2719
JYRM,CP162498.1,99.799,1494,2,1,1,1493,193436,194929,0.0,2741
JYRM,CP162498.1,99.665,1494,4,1,1,1493,49209,50702,0.0,2730
JYRM,CP162498.1,99.665,1494,4,1,1,1493,113092,114585,0.0,2730
JYRM,CP162498.1,99.665,1494,4,1,1,1493,169612,171105,0.0,2730
JYRM,CP141294.1,99.799,1494,2,1,1,1493,160480,161973,0.0,2741
JYRM,CP141294.1,99.799,1494,2,1,1,1493,206136,207629,0.0,2741
JYRM,CP141294.1,99.799,1494,2,1,1,1493,351983,353476,0.0,2741
JYRM,CP141294.1,99.799,1494,2,1,1,1493,2572886,2571393,0.0,2741
JYRM,CP141294.1,99.799,1494,2,1,1,1493,4532985,4531492,0.0,2741
JYRM,CP141294.1,99.799,1494,2,1,1,1493,4929898,4931391,0.0,2741
JYRM,CP141294.1,99.799,1494,2,1,1,1493,4983989,4985482,0.0,2741
JYRM,CP141294.1,99.799,1494,2,1,1,1493,5047871,5049364,0.0,2741
JYRM,CP141294.1,99.799,1494,2,1,1,1493,5128225,5129718,0.0,2741
JYRM,CP141294.1,99.799,1494,2,1,1,1493,5133280,5134773,0.0,2741
JYRM,CP141294.1,99.598,1494,5,1,1,1493,4903403,4904896,0.0,2724
JYRM,CP141294.1,99.598,1494,5,1,1,1493,4924081,4925574,0.0,2724
JYRM,CP141294.1,99.598,1494,5,1,1,1493,5104401,5105894,0.0,2724
JYRM,CP141294.1,100.000,390,0,0,1,390,5138335,5138724,0.0,721
JYRM,CP027914.1,99.799,1494,2,1,1,1493,1884835,1883342,0.0,2741
JYRM,CP027914.1,99.799,1494,2,1,1,1493,2494233,2495726,0.0,2741
JYRM,CP027914.1,99.732,1494,3,1,1,1493,2484103,2485596,0.0,2736
JYRM,CP027914.1,99.665,1494,4,1,1,1493,2403748,2405241,0.0,2730
JYRM,CP027914.1,99.665,1494,4,1,1,1493,2460279,2461772,0.0,2730
JYRM,CP027914.1,99.665,1494,4,1,1,1493,2489168,2490661,0.0,2730
JYRM,CP027914.1,99.665,1494,4,1,1,1493,2701213,2702706,0.0,2730
JYRM,CP027914.1,99.598,1494,5,1,1,1493,2259183,2260676,0.0,2724
JYRM,CP027914.1,99.598,1494,4,2,1,1493,2339868,2341360,0.0,2724
JYRM,CP027914.1,99.598,1494,5,1,1,1493,2659416,2660909,0.0,2724
JYRM,CP027914.1,99.598,1494,5,1,1,1493,2843778,2845271,0.0,2724
JYRM,CP027914.1,99.531,1494,6,1,1,1493,2279848,2281341,0.0,2719
JYRM,CP027914.1,99.531,1494,6,1,1,1493,2285783,2287276,0.0,2719
JYRM,CP129633.1,99.799,1494,2,1,1,1493,15002,13509,0.0,2741
JYRM,CP129633.1,99.799,1494,2,1,1,1493,614958,616451,0.0,2741
JYRM,CP129633.1,99.799,1494,2,1,1,1493,4912746,4911253,0.0,2741
JYRM,CP129633.1,99.732,1494,3,1,1,1493,4871,3378,0.0,2736
JYRM,CP129633.1,99.732,1494,3,1,1,1493,9936,8443,0.0,2736
JYRM,CP129633.1,99.732,1494,3,1,1,1493,95577,94084,0.0,2736
JYRM,CP129633.1,99.732,1494,3,1,1,1493,213551,212058,0.0,2736
JYRM,CP129633.1,99.665,1494,4,1,1,1493,38823,37330,0.0,2730
JYRM,CP129633.1,99.665,1494,4,1,1,1493,219488,217995,0.0,2730
JYRM,CP129633.1,99.665,1494,4,1,1,1493,4724004,4722511,0.0,2730
JYRM,CP129633.1,99.665,1494,4,1,1,1493,4867260,4865767,0.0,2730
JYRM,CP129633.1,99.598,1494,5,1,1,1493,159459,157966,0.0,2724
JYRM,CP129633.1,99.598,1494,5,1,1,1493,240152,238659,0.0,2724
JYRM,AP031383.1,99.799,1494,2,1,1,1493,593364,594857,0.0,2741
JYRM,AP031383.1,99.732,1494,3,1,1,1493,35893,37386,0.0,2736
JYRM,AP031383.1,99.732,1494,3,1,1,1493,153900,155393,0.0,2736
JYRM,AP031383.1,99.665,1494,4,1,1,1493,9292,10785,0.0,2730
JYRM,AP031383.1,99.665,1494,4,1,1,1493,239319,240812,0.0,2730
JYRM,AP031383.1,99.665,1494,4,1,1,1493,244373,245866,0.0,2730
JYRM,AP031383.1,99.665,1494,4,1,1,1493,408585,410078,0.0,2730
JYRM,AP031383.1,99.598,1494,5,1,1,1493,29957,31450,0.0,2724
JYRM,AP031383.1,99.598,1494,5,1,1,1493,90020,91513,0.0,2724
JYRM,AP031383.1,99.599,1495,3,3,1,1493,210440,211933,0.0,2724
JYRM,AP031383.1,99.598,1494,5,1,1,1493,234265,235758,0.0,2724
JYRM,AP031383.1,99.532,1495,4,3,1,1493,450554,452047,0.0,2719
JYRM,AP031383.1,99.465,1495,5,3,1,1493,4805998,4804505,0.0,2713
JYRM,OP986191.1,99.799,1494,2,1,1,1493,15,1508,0.0,2741
JYRM,CP109861.1,99.799,1494,2,1,1,1493,15517,17010,0.0,2741
JYRM,CP170487.1,99.799,1494,2,1,1,1493,389388,387895,0.0,2741
JYRM,CP170487.1,99.799,1494,2,1,1,1493,554798,553305,0.0,2741
JYRM,CP170487.1,99.799,1494,2,1,1,1493,578616,577123,0.0,2741
JYRM,CP170487.1,99.799,1494,2,1,1,1493,636605,635112,0.0,2741
JYRM,CP170487.1,99.799,1494,2,1,1,1493,700520,699027,0.0,2741
JYRM,CP170487.1,99.799,1494,2,1,1,1493,5339915,5338422,0.0,2741
JYRM,CP170487.1,99.732,1494,3,1,1,1493,347732,346239,0.0,2736
JYRM,CP170487.1,99.732,1494,3,1,1,1493,754869,753376,0.0,2736
JYRM,CP170487.1,99.732,1494,3,1,1,1493,760805,759312,0.0,2736
JYRM,CP170487.1,99.732,1494,3,1,1,1493,781511,780018,0.0,2736
JYRM,CP170487.1,99.598,1494,5,1,1,1493,544690,543197,0.0,2724
JYRM,CP170487.1,99.598,1494,5,1,1,1493,549744,548251,0.0,2724
JYRM,CP170487.1,99.598,1494,5,1,1,1493,1154825,1156318,0.0,2724
JYRM,CP170487.1,99.264,1494,10,1,1,1493,3111488,3112981,0.0,2697
JYRM,CP059457.1,99.799,1494,2,1,1,1493,90136,91629,0.0,2741
JYRM,CP059457.1,99.732,1494,2,2,1,1493,154028,155520,0.0,2736
JYRM,CP059457.1,99.665,1494,4,1,1,1493,9198,10691,0.0,2730
JYRM,CP059457.1,99.665,1494,3,2,1,1493,35790,37282,0.0,2730
JYRM,CP059457.1,99.665,1494,3,2,1,1493,210576,212068,0.0,2730
JYRM,CP059457.1,99.665,1494,3,2,1,1493,603566,605058,0.0,2730
JYRM,CP059457.1,99.665,1494,2,3,1,1493,239450,240941,0.0,2728
JYRM,CP059457.1,99.665,1494,2,2,1,1493,405641,407132,0.0,2728
JYRM,CP059457.1,99.598,1494,5,1,1,1493,2953293,2951800,0.0,2724
JYRM,CP059457.1,99.598,1494,3,3,1,1493,234397,235888,0.0,2723
JYRM,CP059457.1,99.598,1494,2,3,1,1493,244504,245994,0.0,2723
JYRM,CP059457.1,99.598,1494,3,3,1,1493,4939520,4938029,0.0,2723
JYRM,CP059457.1,99.531,1494,5,2,1,1493,29858,31350,0.0,2719
JYRM,CP059457.1,99.465,1494,7,1,1,1493,460795,462288,0.0,2713
JYRM,CP072473.1,99.799,1494,2,1,1,1493,89927,91420,0.0,2741
JYRM,CP072473.1,99.799,1494,2,1,1,1493,463809,465302,0.0,2741
JYRM,CP072473.1,99.732,1494,3,1,1,1493,239447,240940,0.0,2736
JYRM,CP072473.1,99.732,1494,3,1,1,1493,244502,245995,0.0,2736
JYRM,CP072473.1,99.665,1494,4,1,1,1493,9196,10689,0.0,2730
JYRM,CP072473.1,99.665,1494,4,1,1,1493,35801,37294,0.0,2730
JYRM,CP072473.1,99.665,1494,4,1,1,1493,153816,155309,0.0,2730
JYRM,CP072473.1,99.665,1494,4,1,1,1493,234392,235885,0.0,2730
JYRM,CP072473.1,99.665,1494,4,1,1,1493,604509,606002,0.0,2730
JYRM,CP072473.1,99.598,1494,5,1,1,1493,29865,31358,0.0,2724
JYRM,CP072473.1,99.598,1494,5,1,1,1493,210569,212062,0.0,2724
JYRM,CP072473.1,99.598,1494,5,1,1,1493,4831266,4829773,0.0,2724
JYRM,CP072473.1,99.531,1494,6,1,1,1493,407046,408539,0.0,2719
JYRM,CP069609.1,99.799,1494,2,1,1,1493,41944,43437,0.0,2741
JYRM,CP187617.1,99.799,1494,2,1,1,1493,154075,155568,0.0,2741
JYRM,CP187617.1,99.799,1494,2,1,1,1493,210632,212125,0.0,2741
JYRM,CP187617.1,99.799,1494,2,1,1,1493,4875956,4874463,0.0,2741
JYRM,CP187617.1,99.732,1494,3,1,1,1493,90195,91688,0.0,2736
JYRM,CP187617.1,99.732,1494,3,1,1,1493,239508,241001,0.0,2736
JYRM,CP187617.1,99.732,1494,3,1,1,1493,408214,409707,0.0,2736
JYRM,CP187617.1,99.732,1494,3,1,1,1493,449872,451365,0.0,2736
JYRM,CP187617.1,99.665,1494,4,1,1,1493,35796,37289,0.0,2730
JYRM,CP187617.1,99.665,1494,4,1,1,1493,244561,246054,0.0,2730
JYRM,CP187617.1,99.598,1494,5,1,1,1493,234454,235947,0.0,2724
JYRM,CP187617.1,99.598,1494,5,1,1,1493,591711,593204,0.0,2724
JYRM,CP187617.1,99.531,1494,6,1,1,1493,29866,31359,0.0,2719
JYRM,CP187617.1,99.465,1494,7,1,1,1493,9201,10694,0.0,2713
JYRM,CP187617.1,99.785,1395,3,0,1,1395,2860225,2858831,0.0,2560
JYRM,CP069606.1,99.799,1494,2,1,1,1493,29869,31362,0.0,2741
JYRM,CP069606.1,99.799,1494,2,1,1,1493,35803,37296,0.0,2741
JYRM,CP069606.1,99.799,1494,2,1,1,1493,90199,91692,0.0,2741
JYRM,CP069606.1,99.799,1494,2,1,1,1493,154113,155606,0.0,2741
JYRM,CP069606.1,99.799,1494,2,1,1,1493,210683,212176,0.0,2741
JYRM,CP069606.1,99.799,1494,2,1,1,1493,234503,235996,0.0,2741
JYRM,CP069606.1,99.799,1494,2,1,1,1493,244610,246103,0.0,2741
JYRM,CP069606.1,99.799,1494,2,1,1,1493,405454,406947,0.0,2741
JYRM,CP069606.1,99.799,1494,2,1,1,1493,465882,467375,0.0,2741
JYRM,CP069606.1,99.799,1494,2,1,1,1493,607649,609142,0.0,2741
JYRM,CP069606.1,99.799,1494,2,1,1,1493,3014393,3012900,0.0,2741
JYRM,CP069606.1,99.799,1494,2,1,1,1493,5051829,5050336,0.0,2741
JYRM,CP069606.1,99.732,1494,3,1,1,1493,239556,241049,0.0,2736
JYRM,CP069606.1,99.599,1495,3,3,1,1493,9204,10697,0.0,2724
JYRM,CP069397.1,99.799,1494,2,1,1,1493,3630125,3631618,0.0,2741
JYRM,CP069397.1,99.799,1494,2,1,1,1493,3839666,3841159,0.0,2741
JYRM,CP069397.1,99.799,1494,2,1,1,1493,3844731,3846224,0.0,2741
JYRM,CP069397.1,99.799,1494,2,1,1,1493,4057676,4059169,0.0,2741
JYRM,CP069397.1,99.732,1494,3,1,1,1493,3636062,3637555,0.0,2736
JYRM,CP069397.1,99.732,1494,3,1,1,1493,3834599,3836092,0.0,2736
JYRM,CP069397.1,99.665,1494,4,1,1,1493,3234651,3233158,0.0,2730
JYRM,CP069397.1,99.665,1494,4,1,1,1493,3754024,3755517,0.0,2730
JYRM,CP069397.1,99.665,1494,4,1,1,1493,3810778,3812271,0.0,2730
JYRM,CP069397.1,99.665,1494,4,1,1,1493,4103167,4104660,0.0,2730
JYRM,CP069397.1,99.665,1494,4,1,1,1493,4287821,4289314,0.0,2730
JYRM,CP069397.1,99.598,1494,5,1,1,1493,3609461,3610954,0.0,2724
JYRM,CP069397.1,99.598,1494,5,1,1,1493,3690142,3691635,0.0,2724
JYRM,CP027876.1,99.799,1494,2,1,1,1493,234344,235837,0.0,2741
JYRM,CP027876.1,99.799,1494,2,1,1,1493,407458,408951,0.0,2741
JYRM,CP027876.1,99.799,1494,2,1,1,1493,4720165,4718672,0.0,2741
JYRM,CP027876.1,99.732,1494,3,1,1,1493,35797,37290,0.0,2736
JYRM,CP027876.1,99.732,1494,3,1,1,1493,239409,240902,0.0,2736
JYRM,CP027876.1,99.665,1494,4,1,1,1493,29860,31353,0.0,2730
JYRM,CP027876.1,99.665,1494,3,2,1,1493,244474,245966,0.0,2730
JYRM,CP027876.1,99.665,1494,4,1,1,1493,452944,454437,0.0,2730
JYRM,CP027876.1,99.665,1494,4,1,1,1493,596213,597706,0.0,2730
JYRM,CP027876.1,99.598,1494,5,1,1,1493,9197,10690,0.0,2724
JYRM,CP027876.1,99.598,1494,5,1,1,1493,89890,91383,0.0,2724
JYRM,CP027876.1,99.598,1494,4,2,1,1493,153771,155263,0.0,2724
JYRM,CP027876.1,99.598,1494,4,2,1,1493,210524,212016,0.0,2724
JYRM,CP187666.1,99.799,1494,2,1,1,1493,345239,346732,0.0,2741
JYRM,CP187666.1,99.799,1494,2,1,1,1493,4925558,4927051,0.0,2741
JYRM,CP187666.1,99.732,1494,3,1,1,1493,157740,159233,0.0,2736
JYRM,CP187666.1,99.732,1494,3,1,1,1493,4780786,4782279,0.0,2736
JYRM,CP187666.1,99.732,1494,3,1,1,1493,5006151,5007644,0.0,2736
JYRM,CP187666.1,99.732,1494,3,1,1,1493,5011205,5012698,0.0,2736
JYRM,CP187666.1,99.732,1494,3,1,1,1493,5016259,5017752,0.0,2736
JYRM,CP187666.1,99.665,1494,4,1,1,1493,4807388,4808881,0.0,2730
JYRM,CP187666.1,99.665,1494,4,1,1,1493,4982336,4983829,0.0,2730
JYRM,CP187666.1,99.598,1494,5,1,1,1493,4801452,4802945,0.0,2724
JYRM,CP187666.1,99.598,1494,5,1,1,1493,4861678,4863171,0.0,2724
JYRM,CP187666.1,99.531,1494,6,1,1,1493,4407407,4405914,0.0,2719
JYRM,CP187666.1,99.398,1495,6,3,1,1493,199484,200977,0.0,2708
JYRM,OQ859945.1,99.799,1494,2,1,1,1493,3,1496,0.0,2741
JYRM,CP069288.1,99.799,1494,2,1,1,1493,9196,10689,0.0,2741
JYRM,CP069288.1,99.799,1494,2,1,1,1493,90198,91691,0.0,2741
JYRM,CP069288.1,99.799,1494,2,1,1,1493,154112,155605,0.0,2741
JYRM,CP069288.1,99.799,1494,2,1,1,1493,210671,212164,0.0,2741
JYRM,CP069288.1,99.799,1494,2,1,1,1493,251504,252997,0.0,2741
JYRM,CP069288.1,99.799,1494,2,1,1,1493,457024,458517,0.0,2741
JYRM,CP069288.1,99.799,1494,2,1,1,1493,598888,600381,0.0,2741
JYRM,CP069288.1,99.799,1494,2,1,1,1493,2925029,2923536,0.0,2741
JYRM,CP069288.1,99.799,1494,2,1,1,1493,4982118,4980625,0.0,2741
JYRM,CP069288.1,99.732,1494,3,1,1,1493,29865,31358,0.0,2736
JYRM,CP069288.1,99.732,1494,3,1,1,1493,35800,37293,0.0,2736
JYRM,CP069288.1,99.732,1494,3,1,1,1493,415365,416858,0.0,2736
JYRM,CP069288.1,99.665,1494,4,1,1,1493,246450,247943,0.0,2730
JYRM,CP058255.1,99.799,1494,2,1,1,1493,4800350,4798857,0.0,2741
JYRM,CP058255.1,98.678,227,2,1,1268,1493,370937,371163,1.57e-106,401
JYRM,CP058255.1,100.000,50,0,0,1,50,50,1,1.07e-13,93.5
JYRM,CP058255.1,100.000,39,0,0,1,39,370898,370936,1.40e-07,73.1
JYRM,CP058255.1,100.000,35,0,0,1,35,4846519,4846485,2.34e-05,65.8
JYRM,MW211117.1,99.799,1494,2,1,1,1493,21,1514,0.0,2741
JYRM,CP058262.1,99.799,1494,2,1,1,1493,9192,10685,0.0,2741
JYRM,CP058262.1,99.665,1494,4,1,1,1493,29909,31402,0.0,2730
JYRM,CP058262.1,99.665,1494,4,1,1,1493,35844,37337,0.0,2730
JYRM,CP058262.1,99.665,1494,4,1,1,1493,154008,155501,0.0,2730
JYRM,CP058262.1,99.665,1494,4,1,1,1493,406981,408474,0.0,2730
JYRM,CP058262.1,99.665,1494,4,1,1,1493,464205,465698,0.0,2730
JYRM,CP058262.1,99.665,1494,4,1,1,1493,4825976,4824483,0.0,2730
JYRM,CP058262.1,99.598,1494,5,1,1,1493,90126,91619,0.0,2724
JYRM,CP058262.1,99.598,1494,5,1,1,1493,210540,212033,0.0,2724
JYRM,CP058262.1,99.598,1494,5,1,1,1493,234363,235856,0.0,2724
JYRM,CP058262.1,99.598,1494,5,1,1,1493,239416,240909,0.0,2724
JYRM,CP058262.1,99.598,1494,5,1,1,1493,244470,245963,0.0,2724
JYRM,CP058262.1,99.598,1494,5,1,1,1493,605983,607476,0.0,2724
JYRM,CP045272.1,99.799,1494,2,1,1,1493,368800,370293,0.0,2741
JYRM,CP045272.1,99.799,1494,2,1,1,1493,4679928,4678435,0.0,2741
JYRM,CP045272.1,99.799,1494,2,1,1,1493,4823986,4822493,0.0,2741
JYRM,CP045272.1,99.799,1494,2,1,1,1493,4865580,4864087,0.0,2741
JYRM,CP045272.1,99.799,1494,2,1,1,1493,5119813,5118320,0.0,2741
JYRM,CP045272.1,99.799,1494,2,1,1,1493,5183726,5182233,0.0,2741
JYRM,CP045272.1,99.799,1494,2,1,1,1493,5244015,5242522,0.0,2741
JYRM,CP045272.1,99.799,1494,2,1,1,1493,5264680,5263187,0.0,2741
JYRM,CP045272.1,99.732,1494,3,1,1,1493,5029321,5027828,0.0,2736
JYRM,CP045272.1,99.732,1494,3,1,1,1493,5238078,5236585,0.0,2736
JYRM,CP045272.1,99.665,1494,4,1,1,1493,5039429,5037936,0.0,2730
JYRM,CP045272.1,99.598,1494,5,1,1,1493,5034375,5032882,0.0,2724
JYRM,CP045272.1,99.531,1494,6,1,1,1493,5063253,5061760,0.0,2719
JYRM,CP045272.1,99.579,1426,4,2,70,1493,2408543,2409968,0.0,2599
JYRM,CP145138.1,99.799,1494,2,1,1,1493,4446537,4445044,0.0,2741
JYRM,CP145138.1,99.799,1494,2,1,1,1493,4451592,4450099,0.0,2741
JYRM,CP145138.1,99.799,1494,2,1,1,1493,4456647,4455154,0.0,2741
JYRM,CP145138.1,99.799,1494,2,1,1,1493,4480469,4478976,0.0,2741
JYRM,CP145138.1,99.665,1494,4,1,1,1493,4089763,4088270,0.0,2730
JYRM,CP145138.1,99.665,1494,4,1,1,1493,4232825,4231332,0.0,2730
JYRM,CP145138.1,99.665,1494,4,1,1,1493,4274455,4272962,0.0,2730
JYRM,CP145138.1,99.665,1494,4,1,1,1493,4536813,4535320,0.0,2730
JYRM,CP145138.1,99.665,1494,4,1,1,1493,4600691,4599198,0.0,2730
JYRM,CP145138.1,99.665,1494,4,1,1,1493,4654999,4653506,0.0,2730
JYRM,CP145138.1,99.665,1494,4,1,1,1493,4660934,4659441,0.0,2730
JYRM,CP145138.1,99.665,1494,4,1,1,1493,4681600,4680107,0.0,2730
JYRM,CP047699.1,99.799,1494,2,1,1,1493,4810790,4809297,0.0,2741
JYRM,CP047699.1,99.665,1494,4,1,1,1493,90124,91617,0.0,2730
JYRM,CP047699.1,99.665,1494,4,1,1,1493,154005,155498,0.0,2730
JYRM,CP047699.1,99.665,1494,4,1,1,1493,210557,212050,0.0,2730
JYRM,CP047699.1,99.665,1494,4,1,1,1493,239433,240926,0.0,2730
JYRM,CP047699.1,99.665,1494,4,1,1,1493,244484,245977,0.0,2730
JYRM,CP047699.1,99.665,1494,4,1,1,1493,406925,408418,0.0,2730
JYRM,CP047699.1,99.665,1494,4,1,1,1493,449076,450569,0.0,2730
JYRM,CP047699.1,99.665,1494,4,1,1,1493,590896,592389,0.0,2730
JYRM,CP047699.1,99.598,1494,4,2,1,1493,29911,31403,0.0,2724
JYRM,CP047699.1,99.598,1494,5,1,1,1493,234383,235876,0.0,2724
JYRM,CP047699.1,99.598,1494,3,2,1,1493,35845,37336,0.0,2723
JYRM,CP047699.1,99.531,1494,6,1,1,1493,9196,10689,0.0,2719
JYRM,CP028019.1,99.799,1494,2,1,1,1493,234341,235834,0.0,2741
JYRM,CP028019.1,99.799,1494,2,1,1,1493,244473,245966,0.0,2741
JYRM,CP028019.1,99.799,1494,2,1,1,1493,407460,408953,0.0,2741
JYRM,CP028019.1,99.799,1494,2,1,1,1493,4649823,4648330,0.0,2741
JYRM,CP028019.1,99.732,1494,3,1,1,1493,35798,37291,0.0,2736
JYRM,CP028019.1,99.732,1494,3,1,1,1493,239407,240900,0.0,2736
JYRM,CP028019.1,99.665,1494,4,1,1,1493,29861,31354,0.0,2730
JYRM,CP028019.1,99.665,1494,4,1,1,1493,153772,155265,0.0,2730
JYRM,CP028019.1,99.665,1494,4,1,1,1493,210524,212017,0.0,2730
JYRM,CP028019.1,99.665,1494,4,1,1,1493,452946,454439,0.0,2730
JYRM,CP028019.1,99.665,1494,4,1,1,1493,596205,597698,0.0,2730
JYRM,CP028019.1,99.598,1494,5,1,1,1493,9197,10690,0.0,2724
JYRM,CP028019.1,99.598,1494,5,1,1,1493,89890,91383,0.0,2724
JYRM,CP129645.1,99.799,1494,2,1,1,1493,2432936,2431443,0.0,2741
JYRM,CP129645.1,99.799,1494,2,1,1,1493,2620298,2618805,0.0,2741
JYRM,CP129645.1,99.799,1494,2,1,1,1493,2783096,2781603,0.0,2741
JYRM,CP129645.1,99.799,1494,2,1,1,1493,2811975,2810482,0.0,2741
JYRM,CP129645.1,99.799,1494,2,1,1,1493,2932388,2930895,0.0,2741
JYRM,CP129645.1,99.799,1494,2,1,1,1493,2992412,2990919,0.0,2741
JYRM,CP129645.1,99.799,1494,2,1,1,1493,3385092,3386585,0.0,2741
JYRM,CP129645.1,99.732,1494,3,1,1,1493,2778043,2776550,0.0,2736
JYRM,CP129645.1,99.665,1494,4,1,1,1493,308339,309832,0.0,2730
JYRM,CP129645.1,99.598,1494,5,1,1,1493,2578448,2576955,0.0,2724
JYRM,CP129645.1,99.598,1494,5,1,1,1493,2788150,2786657,0.0,2724
JYRM,CP129645.1,99.598,1494,5,1,1,1493,2868506,2867013,0.0,2724
JYRM,CP129645.1,99.531,1494,6,1,1,1493,3013090,3011597,0.0,2719
JYRM,CP129645.1,99.400,1499,2,4,1,1493,2986481,2984984,0.0,2712
JYRM,CP140268.1,99.799,1494,2,1,1,1493,29862,31355,0.0,2741
JYRM,CP140268.1,99.732,1494,3,1,1,1493,49413,47920,0.0,2736
JYRM,CP140268.1,99.665,1494,4,1,1,1493,9194,10687,0.0,2730
JYRM,CP181399.1,99.799,1494,2,1,1,1493,156264,154771,0.0,2741
JYRM,CP181399.1,99.799,1494,2,1,1,1493,533900,535393,0.0,2741
JYRM,CP181399.1,99.799,1494,2,1,1,1493,4719093,4717600,0.0,2741
JYRM,CP181399.1,99.799,1494,2,1,1,1493,5088253,5086760,0.0,2741
JYRM,CP181399.1,99.799,1494,2,1,1,1493,5093318,5091825,0.0,2741
JYRM,CP181399.1,99.799,1494,2,1,1,1493,5098383,5096890,0.0,2741
JYRM,CP181399.1,99.732,1494,3,1,1,1493,129653,128160,0.0,2736
JYRM,CP181399.1,99.732,1494,3,1,1,1493,135591,134098,0.0,2736
JYRM,CP181399.1,99.665,1494,4,1,1,1493,11681,10188,0.0,2730
JYRM,CP181399.1,99.665,1494,4,1,1,1493,4862404,4860911,0.0,2730
JYRM,CP181399.1,99.665,1494,4,1,1,1493,4921780,4920287,0.0,2730
JYRM,CP181399.1,99.665,1494,4,1,1,1493,5122205,5120712,0.0,2730
JYRM,CP181399.1,99.598,1494,5,1,1,1493,75563,74070,0.0,2724
JYRM,MN509795.1,99.733,1497,2,2,2,1497,4,1499,0.0,2741
JYRM,CP032527.2,99.799,1494,2,1,1,1493,4940524,4939031,0.0,2741
JYRM,CP032527.2,99.799,1494,2,1,1,1493,5041081,5039588,0.0,2741
JYRM,CP032527.2,99.799,1494,2,1,1,1493,5185945,5184452,0.0,2741
JYRM,CP032527.2,99.732,1494,3,1,1,1493,4778712,4777219,0.0,2736
JYRM,CP032527.2,99.732,1494,3,1,1,1493,4955649,4954156,0.0,2736
JYRM,CP032527.2,99.732,1494,2,2,1,1493,4984523,4983031,0.0,2736
JYRM,CP032527.2,99.732,1494,2,2,1,1493,5159345,5157853,0.0,2736
JYRM,CP032527.2,99.665,1494,3,2,1,1493,4960702,4959210,0.0,2730
JYRM,CP032527.2,99.665,1494,4,1,1,1493,5104995,5103502,0.0,2730
JYRM,CP032527.2,99.598,1494,5,1,1,1493,367489,368982,0.0,2724
JYRM,CP032527.2,99.598,1494,5,1,1,1493,4593382,4591889,0.0,2724
JYRM,CP032527.2,99.598,1494,5,1,1,1493,4737039,4735546,0.0,2724
JYRM,CP032527.2,99.598,1494,5,1,1,1493,5165280,5163787,0.0,2724
JYRM,CP032527.2,99.531,1494,6,1,1,1493,2331358,2332851,0.0,2719
JYRM,CP032527.2,99.331,1494,3,7,1,1493,4950600,4949113,0.0,2697
JYRM,CP032527.2,98.060,1495,4,5,1,1493,4945557,4944086,0.0,2577
JYRM,CP035094.1,99.799,1494,2,1,1,1493,9196,10689,0.0,2741
JYRM,CP035094.1,99.799,1494,2,1,1,1493,29865,31358,0.0,2741
JYRM,CP035094.1,99.799,1494,2,1,1,1493,35711,37204,0.0,2741
JYRM,CP035094.1,99.799,1494,2,1,1,1493,90109,91602,0.0,2741
JYRM,CP035094.1,99.799,1494,2,1,1,1493,154023,155516,0.0,2741
JYRM,CP035094.1,99.799,1494,2,1,1,1493,210582,212075,0.0,2741
JYRM,CP035094.1,99.799,1494,2,1,1,1493,251415,252908,0.0,2741
JYRM,CP035094.1,99.799,1494,2,1,1,1493,415276,416769,0.0,2741
JYRM,CP035094.1,99.799,1494,2,1,1,1493,456935,458428,0.0,2741
JYRM,CP035094.1,99.799,1494,2,1,1,1493,598799,600292,0.0,2741
JYRM,CP035094.1,99.799,1494,2,1,1,1493,2925772,2924279,0.0,2741
JYRM,CP035094.1,99.799,1494,2,1,1,1493,4981064,4979571,0.0,2741
JYRM,CP035094.1,99.732,1494,3,1,1,1493,246361,247854,0.0,2736
JYRM,CP186284.1,99.799,1494,2,1,1,1493,89889,91382,0.0,2741
JYRM,CP186284.1,99.799,1494,2,1,1,1493,234345,235838,0.0,2741
JYRM,CP186284.1,99.799,1494,2,1,1,1493,239410,240903,0.0,2741
JYRM,CP186284.1,99.799,1494,2,1,1,1493,613364,614857,0.0,2741
JYRM,CP186284.1,99.799,1494,2,1,1,1493,4835897,4834404,0.0,2741
JYRM,CP186284.1,99.732,1494,3,1,1,1493,9197,10690,0.0,2736
JYRM,CP186284.1,99.732,1494,3,1,1,1493,29863,31356,0.0,2736
JYRM,CP186284.1,99.732,1494,3,1,1,1493,35800,37293,0.0,2736
JYRM,CP186284.1,99.665,1494,4,1,1,1493,210523,212016,0.0,2730
JYRM,CP186284.1,99.665,1494,4,1,1,1493,244475,245968,0.0,2730
JYRM,CP186284.1,99.665,1494,4,1,1,1493,409655,411148,0.0,2730
JYRM,CP186284.1,99.665,1494,4,1,1,1493,470005,471498,0.0,2730
JYRM,CP186284.1,99.598,1494,5,1,1,1493,153769,155262,0.0,2724
JYRM,CP028084.1,99.799,1494,2,1,1,1493,390816,392309,0.0,2741
JYRM,CP028084.1,99.665,1494,4,1,1,1493,9196,10689,0.0,2730
JYRM,CP028084.1,99.665,1494,4,1,1,1493,84191,85684,0.0,2730
JYRM,CP028084.1,99.665,1494,4,1,1,1493,204604,206097,0.0,2730
JYRM,CP028084.1,99.665,1494,3,2,1,1493,432961,434453,0.0,2730
JYRM,CP028084.1,99.665,1494,4,1,1,1493,574723,576216,0.0,2730
JYRM,CP028084.1,99.598,1494,5,1,1,1493,29910,31403,0.0,2724
JYRM,CP028084.1,99.598,1494,5,1,1,1493,148071,149564,0.0,2724
JYRM,CP028084.1,99.598,1494,5,1,1,1493,4694831,4693338,0.0,2724
JYRM,CP028084.1,99.531,1494,5,2,1,1493,228429,229921,0.0,2719
JYRM,MH698688.1,99.799,1494,2,1,1,1493,2,1495,0.0,2741
JYRM,CP026736.1,99.799,1494,2,1,1,1493,1802029,1803522,0.0,2741
JYRM,CP026736.1,99.799,1494,2,1,1,1493,1812160,1813653,0.0,2741
JYRM,CP026736.1,99.799,1494,2,1,1,1493,1975146,1976639,0.0,2741
JYRM,CP026736.1,99.732,1494,2,2,1,1493,1202296,1200804,0.0,2736
JYRM,CP026736.1,99.732,1494,3,1,1,1493,1807095,1808588,0.0,2736
JYRM,CP026736.1,99.665,1494,4,1,1,1493,1597766,1599259,0.0,2730
JYRM,CP026736.1,99.665,1494,3,2,1,1493,1603703,1605195,0.0,2730
JYRM,CP026736.1,99.665,1494,4,1,1,1493,1721676,1723169,0.0,2730
JYRM,CP026736.1,99.665,1494,4,1,1,1493,1778208,1779701,0.0,2730
JYRM,CP026736.1,99.665,1494,4,1,1,1493,2035184,2036677,0.0,2730
JYRM,CP026736.1,99.665,1494,4,1,1,1493,2178440,2179933,0.0,2730
JYRM,CP026736.1,99.598,1494,5,1,1,1493,1577102,1578595,0.0,2724
JYRM,CP026736.1,99.598,1494,5,1,1,1493,1657794,1659287,0.0,2724
JYRM,CP022674.1,99.799,1494,2,1,1,1493,5236270,5237763,0.0,2741
JYRM,CP022674.1,99.665,1494,4,1,1,1493,4863918,4865411,0.0,2730
JYRM,CP022674.1,99.665,1494,4,1,1,1493,4918182,4919675,0.0,2730
JYRM,CP022674.1,99.598,1494,5,1,1,1493,33474,34967,0.0,2724
JYRM,CP022674.1,99.598,1494,5,1,1,1493,4857982,4859475,0.0,2724
JYRM,CP022674.1,99.598,1494,5,1,1,1493,4982064,4983557,0.0,2724
JYRM,CP022674.1,99.598,1494,5,1,1,1493,5036809,5038302,0.0,2724
JYRM,CP022674.1,99.531,1494,6,1,1,1493,4837317,4838810,0.0,2719
JYRM,CP022674.1,99.531,1494,6,1,1,1493,5060629,5062122,0.0,2719
JYRM,CP022674.1,99.531,1494,6,1,1,1493,5065683,5067176,0.0,2719
JYRM,CP022674.1,99.531,1494,6,1,1,1493,5070737,5072230,0.0,2719
JYRM,CP022674.1,99.531,1494,6,1,1,1493,5281661,5283154,0.0,2719
JYRM,CP022674.1,99.465,1494,7,1,1,1493,4462862,4461369,0.0,2713
JYRM,MN240409.1,99.799,1494,2,1,1,1493,22,1515,0.0,2741
JYRM,OZ461326.1,99.799,1494,2,1,1,1493,251373,252866,0.0,2741
JYRM,OZ461326.1,99.799,1494,2,1,1,1493,256426,257919,0.0,2741
JYRM,OZ461326.1,99.799,1494,2,1,1,1493,418442,419935,0.0,2741
JYRM,OZ461326.1,99.799,1494,2,1,1,1493,4991421,4989928,0.0,2741
JYRM,OZ461326.1,99.732,1494,3,1,1,1493,9194,10687,0.0,2736
JYRM,OZ461326.1,99.732,1494,3,1,1,1493,29864,31357,0.0,2736
JYRM,OZ461326.1,99.732,1494,3,1,1,1493,35800,37293,0.0,2736
JYRM,OZ461326.1,99.732,1494,3,1,1,1493,153821,155314,0.0,2736
JYRM,OZ461326.1,99.732,1494,3,1,1,1493,210566,212059,0.0,2736
JYRM,OZ461326.1,99.732,1494,3,1,1,1493,246320,247813,0.0,2736
JYRM,OZ461326.1,99.732,1494,3,1,1,1493,463838,465331,0.0,2736
JYRM,OZ461326.1,99.732,1494,3,1,1,1493,606781,608274,0.0,2736
JYRM,OZ461326.1,99.665,1494,4,1,1,1493,89938,91431,0.0,2730
JYRM,OZ461326.1,99.665,1494,4,1,1,1493,3009762,3008269,0.0,2730
JYRM,OZ461331.1,99.799,1494,2,1,1,1493,71739,70246,0.0,2741
JYRM,KY368144.1,99.799,1494,2,1,1,1493,15,1508,0.0,2741
JYRM,CP187621.1,99.799,1494,2,1,1,1493,449284,450777,0.0,2741
JYRM,CP187621.1,99.732,1494,3,1,1,1493,90128,91621,0.0,2736
JYRM,CP187621.1,99.665,1494,4,1,1,1493,234369,235862,0.0,2730
JYRM,CP187621.1,99.665,1494,4,1,1,1493,244476,245969,0.0,2730
JYRM,CP187621.1,99.665,1494,4,1,1,1493,407006,408499,0.0,2730
JYRM,CP187621.1,99.665,1494,4,1,1,1493,4846432,4844939,0.0,2730
JYRM,CP187621.1,99.598,1494,5,1,1,1493,9194,10687,0.0,2724
JYRM,CP187621.1,99.598,1494,5,1,1,1493,29908,31401,0.0,2724
JYRM,CP187621.1,99.598,1494,5,1,1,1493,35843,37336,0.0,2724
JYRM,CP187621.1,99.598,1494,5,1,1,1493,154015,155508,0.0,2724
JYRM,CP187621.1,99.598,1494,5,1,1,1493,210546,212039,0.0,2724
JYRM,CP187621.1,99.598,1494,5,1,1,1493,239423,240916,0.0,2724
JYRM,CP187621.1,99.598,1494,5,1,1,1493,591154,592647,0.0,2724
JYRM,CP117689.1,99.799,1494,2,1,1,1493,234121,235614,0.0,2741
JYRM,CP117689.1,99.799,1494,2,1,1,1493,244251,245744,0.0,2741
JYRM,CP117689.1,99.799,1494,2,1,1,1493,400184,401677,0.0,2741
JYRM,CP117689.1,99.665,1494,4,1,1,1493,89886,91379,0.0,2730
JYRM,CP117689.1,99.665,1494,4,1,1,1493,153767,155260,0.0,2730
JYRM,CP117689.1,99.665,1494,4,1,1,1493,239186,240679,0.0,2730
JYRM,CP117689.1,99.665,1494,4,1,1,1493,441983,443476,0.0,2730
JYRM,CP117689.1,99.665,1494,4,1,1,1493,584398,585891,0.0,2730
JYRM,CP117689.1,99.665,1494,4,1,1,1493,4717736,4716243,0.0,2730
JYRM,CP117689.1,99.598,1494,5,1,1,1493,9196,10689,0.0,2724
JYRM,CP117689.1,99.598,1494,5,1,1,1493,210298,211791,0.0,2724
JYRM,CP117689.1,99.531,1494,6,1,1,1493,29863,31356,0.0,2719
JYRM,CP117689.1,99.531,1494,6,1,1,1493,35799,37292,0.0,2719
JYRM,CP018874.1,99.799,1494,2,1,1,1493,29912,31405,0.0,2741
JYRM,CP018874.1,99.799,1494,2,1,1,1493,35845,37338,0.0,2741
JYRM,CP018874.1,99.665,1494,4,1,1,1493,443485,444978,0.0,2730
JYRM,CP018874.1,99.598,1494,5,1,1,1493,9196,10689,0.0,2724
JYRM,CP018874.1,99.598,1494,5,1,1,1493,154009,155502,0.0,2724
JYRM,CP018874.1,99.598,1494,5,1,1,1493,210650,212143,0.0,2724
JYRM,CP018874.1,99.598,1494,5,1,1,1493,234473,235966,0.0,2724
JYRM,CP018874.1,99.598,1494,5,1,1,1493,239527,241020,0.0,2724
JYRM,CP018874.1,99.598,1494,5,1,1,1493,585028,586521,0.0,2724
JYRM,CP018874.1,99.598,1494,5,1,1,1493,4702548,4701055,0.0,2724
JYRM,CP018874.1,99.531,1494,5,2,1,1493,244581,246073,0.0,2719
JYRM,CP018874.1,99.531,1494,6,1,1,1493,401523,403016,0.0,2719
JYRM,CP018874.1,99.465,1494,5,3,1,1493,90126,91617,0.0,2712
JYRM,OP986009.1,99.799,1494,2,1,1,1493,15,1508,0.0,2741
JYRM,CP187646.1,99.799,1494,2,1,1,1493,90149,91642,0.0,2741
JYRM,CP187646.1,99.799,1494,2,1,1,1493,239496,240989,0.0,2741
JYRM,CP187646.1,99.799,1494,2,1,1,1493,401123,402616,0.0,2741
JYRM,CP187646.1,99.799,1494,2,1,1,1493,4788430,4786937,0.0,2741
JYRM,CP187646.1,99.732,1494,3,1,1,1493,234439,235932,0.0,2736
JYRM,CP187646.1,99.665,1494,4,1,1,1493,9198,10691,0.0,2730
JYRM,CP187646.1,99.665,1494,4,1,1,1493,35799,37292,0.0,2730
JYRM,CP187646.1,99.598,1494,5,1,1,1493,29863,31356,0.0,2724
JYRM,CP187646.1,99.598,1494,5,1,1,1493,154063,155556,0.0,2724
JYRM,CP187646.1,99.598,1494,5,1,1,1493,210617,212110,0.0,2724
JYRM,CP187646.1,99.598,1494,5,1,1,1493,442781,444274,0.0,2724
JYRM,CP187646.1,99.598,1494,5,1,1,1493,585525,587018,0.0,2724
JYRM,CP187646.1,99.531,1494,6,1,1,1493,2864788,2863295,0.0,2719
JYRM,CP180490.1,99.799,1494,2,1,1,1493,2982812,2981319,0.0,2741
JYRM,CP180490.1,99.799,1494,2,1,1,1493,3378669,3380162,0.0,2741
JYRM,CP180490.1,99.799,1494,2,1,1,1493,3588299,3589792,0.0,2741
JYRM,CP180490.1,99.799,1494,2,1,1,1493,3593354,3594847,0.0,2741
JYRM,CP180490.1,99.799,1494,2,1,1,1493,3755001,3756494,0.0,2741
JYRM,CP180490.1,99.799,1494,2,1,1,1493,3796658,3798151,0.0,2741
JYRM,CP180490.1,99.732,1494,3,1,1,1493,3358004,3359497,0.0,2736
JYRM,CP180490.1,99.732,1494,3,1,1,1493,3384604,3386097,0.0,2736
JYRM,CP180490.1,99.732,1494,3,1,1,1493,3438956,3440449,0.0,2736
JYRM,CP180490.1,99.732,1494,3,1,1,1493,3502871,3504364,0.0,2736
JYRM,CP180490.1,99.665,1494,4,1,1,1493,965723,964230,0.0,2730
JYRM,CP180490.1,99.598,1494,5,1,1,1493,3559423,3560916,0.0,2724
JYRM,CP180490.1,99.598,1494,5,1,1,1493,3938500,3939993,0.0,2724
JYRM,CP180490.1,99.531,1494,5,2,1,1493,3583245,3584737,0.0,2719
JYRM,CP169655.1,99.799,1494,2,1,1,1493,172348,173841,0.0,2741
JYRM,CP169655.1,99.799,1494,2,1,1,1493,178284,179777,0.0,2741
JYRM,CP169655.1,99.799,1494,2,1,1,1493,391351,392844,0.0,2741
JYRM,CP169655.1,99.799,1494,2,1,1,1493,560623,562116,0.0,2741
JYRM,CP169655.1,99.799,1494,2,1,1,1493,602273,603766,0.0,2741
JYRM,CP169655.1,99.732,1494,3,1,1,1493,151682,153175,0.0,2736
JYRM,CP169655.1,99.732,1494,3,1,1,1493,232612,234105,0.0,2736
JYRM,CP169655.1,99.732,1494,3,1,1,1493,353069,354562,0.0,2736
JYRM,CP169655.1,99.732,1494,3,1,1,1493,396405,397898,0.0,2736
JYRM,CP169655.1,99.732,1494,3,1,1,1493,401459,402952,0.0,2736
JYRM,CP169655.1,99.732,1494,3,1,1,1493,743196,744689,0.0,2736
JYRM,CP169655.1,99.732,1494,3,1,1,1493,4918668,4917175,0.0,2736
JYRM,CP169655.1,99.665,1494,4,1,1,1493,2993182,2991689,0.0,2730
JYRM,CP169655.1,99.398,1495,6,3,1,1493,296494,297987,0.0,2708
JYRM,CP028074.1,99.799,1494,2,1,1,1493,239176,240669,0.0,2741
JYRM,CP028074.1,99.799,1494,2,1,1,1493,400537,402030,0.0,2741
JYRM,CP028074.1,99.799,1494,2,1,1,1493,584797,586290,0.0,2741
JYRM,CP028074.1,99.732,1494,3,1,1,1493,29856,31349,0.0,2736
JYRM,CP028074.1,99.732,1494,3,1,1,1493,234109,235602,0.0,2736
JYRM,CP028074.1,99.665,1494,4,1,1,1493,35792,37285,0.0,2730
JYRM,CP028074.1,99.665,1494,4,1,1,1493,89877,91370,0.0,2730
JYRM,CP028074.1,99.665,1494,4,1,1,1493,153757,155250,0.0,2730
JYRM,CP028074.1,99.665,1494,4,1,1,1493,442338,443831,0.0,2730
JYRM,CP028074.1,99.598,1494,5,1,1,1493,9189,10682,0.0,2724
JYRM,CP028074.1,99.598,1494,5,1,1,1493,210288,211781,0.0,2724
JYRM,CP028074.1,99.598,1494,5,1,1,1493,4637954,4636461,0.0,2724
JYRM,KX890471.1,99.799,1494,2,1,1,1493,1,1494,0.0,2741
JYRM,CP109761.1,99.799,1494,2,1,1,1493,256668,255175,0.0,2741
JYRM,CP109761.1,99.799,1494,2,1,1,1493,2169757,2168264,0.0,2741
JYRM,CP109761.1,99.799,1494,2,1,1,1493,2564674,2566167,0.0,2741
JYRM,CP109761.1,99.799,1494,2,1,1,1493,2778721,2780214,0.0,2741
JYRM,CP109761.1,99.799,1494,2,1,1,1493,2820575,2822068,0.0,2741
JYRM,CP109761.1,99.799,1494,2,1,1,1493,2964866,2966359,0.0,2741
JYRM,CP109761.1,99.598,1494,5,1,1,1493,2544009,2545502,0.0,2724
JYRM,KU605234.1,99.799,1494,2,1,1,1493,7,1500,0.0,2741
JYRM,MG489825.1,99.799,1494,2,1,1,1493,44,1537,0.0,2741
JYRM,CP186356.1,99.799,1494,2,1,1,1493,29892,31385,0.0,2741
JYRM,CP186356.1,99.799,1494,2,1,1,1493,35833,37326,0.0,2741
JYRM,CP186356.1,99.799,1494,2,1,1,1493,153822,155315,0.0,2741
JYRM,CP186356.1,99.799,1494,2,1,1,1493,407027,408520,0.0,2741
JYRM,CP186356.1,99.799,1494,2,1,1,1493,611506,612999,0.0,2741
JYRM,CP186356.1,99.732,1494,3,1,1,1493,244524,246017,0.0,2736
JYRM,CP186356.1,99.732,1494,3,1,1,1493,465881,467374,0.0,2736
JYRM,CP186356.1,99.732,1494,3,1,1,1493,2837562,2836069,0.0,2736
JYRM,CP186356.1,99.732,1494,3,1,1,1493,4779101,4777608,0.0,2736
JYRM,CP186356.1,99.665,1494,4,1,1,1493,9224,10717,0.0,2730
JYRM,CP186356.1,99.665,1494,4,1,1,1493,89940,91433,0.0,2730
JYRM,CP186356.1,99.665,1494,4,1,1,1493,210597,212090,0.0,2730
JYRM,CP186356.1,99.665,1494,4,1,1,1493,234413,235906,0.0,2730
JYRM,CP186356.1,99.665,1494,4,1,1,1493,239468,240961,0.0,2730
JYRM,CP069402.1,99.799,1494,2,1,1,1493,27061,28554,0.0,2741
JYRM,KX129778.1,99.799,1494,2,1,1,1493,4,1497,0.0,2741
JYRM,KM817273.1,99.667,1501,2,3,1,1500,4,1502,0.0,2741
JYRM,MF979090.1,99.866,1491,1,1,1,1490,4,1494,0.0,2741
JYRM,KF956637.1,99.799,1494,2,1,1,1493,18,1511,0.0,2741


